--
-- PostgreSQL database dump
--

\restrict yo1zmhXDdI80ruZQLwhowKhC8M6pOOGUYvUUISbr2zjz1inemvDNwy61fPvHIzB

-- Dumped from database version 15.14 (Debian 15.14-0+deb12u1)
-- Dumped by pg_dump version 15.14 (Debian 15.14-0+deb12u1)

SET statement_timeout = 0;
SET lock_timeout = 0;
SET idle_in_transaction_session_timeout = 0;
SET client_encoding = 'UTF8';
SET standard_conforming_strings = on;
SELECT pg_catalog.set_config('search_path', '', false);
SET check_function_bodies = false;
SET xmloption = content;
SET client_min_messages = warning;
SET row_security = off;

--
-- Data for Name: DeviceDefinition; Type: TABLE DATA; Schema: public; Owner: huzzar_admin
--

COPY public."DeviceDefinition" (id, category, name, "alarmAlert", "warningAlert", price) FROM stdin;
72d0eb7c-bee5-4170-81c4-88ac6ba6ed57	DECODER_1_WAY	MOTOROLA | HMC3021	5	10	500
98e6f92f-7c4d-48d3-8d6d-ae2c58e56c4e	DECODER_2_WAY	KAON | KGS3200 (MMP)	5	10	500
b6f04442-1170-4a7d-9fff-c204f6eccd9b	DECODER_2_WAY	ADB | 3831CDX PVR (MMP)	5	10	500
1ae2f119-9447-4216-a5d2-abef1c37be23	OTHER	NEOTION | KARTA CONAX  (MMP)	5	10	50
c187b7ad-2063-49d2-8dbc-5478a7cb601a	DECODER_1_WAY	NEOTION | MODUŁ CAM [+ KARTA]	5	10	300
eb0a5009-5b4c-4457-bcbd-64437f23347f	DECODER_1_WAY	NEOTION | MODUŁ CAM [eKARTA]	5	10	300
50ca4cd5-93b0-4139-a906-d9ad248a39f1	DECODER_2_WAY	ADB | 4730CD	5	10	500
8b3be7f9-5b11-4ee1-b2bf-21d24b2df4fd	DECODER_2_WAY	ADB | 3830CD	5	10	500
10f16dd2-afdf-4bf7-8778-96fb74de694d	DECODER_2_WAY	SDMC TECHNOLOGY | OTT DV8519	5	10	500
e79868c5-d9c7-4c88-a477-9648b51967be	DECODER_2_WAY	SDMC TECHNOLOGY | OTT DV8981	5	10	500
00478284-a016-4c15-8150-676dd352bf30	DECODER_2_WAY	SDMC TECHNOLOGY | OTT DV8988	5	10	500
b1e2c0f7-b789-4016-ba5a-1e5408184b45	DECODER_2_WAY	ARRIS | ZC4110OVE	5	10	500
262b15f4-6a96-4f7b-b386-5431467efb18	DECODER_2_WAY	SKYWORTH | HY4402	5	10	500
91c16e77-6efb-49d5-b738-6e375b3bfa2e	DECODER_2_WAY	ADB | 3831CD	5	10	500
d4321539-02a7-4175-ba0f-94f98130c6b6	DECODER_2_WAY	ADB | 3770CFX PVR	5	10	500
6b43d5cd-14ac-4f48-b703-ff6fe7d1752e	DECODER_2_WAY	MOTOROLA | HMC4120 PVR	5	10	500
d08cedd8-6ece-4711-b9e5-59cee2322a7c	DECODER_2_WAY	ADB | 4730CDX PVR	5	10	500
269b7d03-1856-46db-b9f1-09613c16ef75	DECODER_2_WAY	ADB | 4730CDX PVR GPON	5	10	500
d57c60e9-1e21-4194-a434-23188617c91e	DECODER_2_WAY	ADB | 1721C	5	10	500
2c7993fc-faae-4c9f-bf98-a4420b859b6e	DECODER_2_WAY	ADB | 3831CDX PVR	5	10	500
5d7c44ce-55f8-4d85-9904-a86482557c07	OTHER	NEOTION | KARTA CONAX	5	10	50
da15a677-cd60-4c2d-9ee6-3a790f2459b0	OTHER	KARTA SIM	5	10	50
412f859c-dc3f-421c-b7d8-b34b0206a4dd	OTHER	TECHNICOLOR | OWA0131KLN EXTENDER	5	10	300
a48b66c3-f0d4-4aec-802c-100216f430fb	DECODER_1_WAY	IPS | IPS3000 (MMP)	5	10	500
040244ea-b8a6-44c3-91e0-88bc448c68ed	DECODER_1_WAY	NEOTION | MODUŁ CAM [+ KARTA] (MMP)	5	10	300
cc13ac1c-47c5-446b-96f9-b107db8f968c	DECODER_1_WAY	NEOTION | MODUŁ CAM [eKARTA] (MMP)	5	10	300
3a7b2c52-2721-4bae-8814-c5d9760b48a0	DECODER_2_WAY	ADB | 3830CD (MMP)	5	10	500
5022cba8-7f89-4acc-be3e-917cd479452b	DECODER_2_WAY	SDMC TECHNOLOGY | OTT DV8519  (MMP)	5	10	500
f27a151c-b101-42b6-ac98-a193ca3a7e13	DECODER_2_WAY	SDMC TECHNOLOGY | OTT DV8981 (MMP)	5	10	500
11e5811b-ecc5-402a-8dc3-dfdfa2f79405	OTHER	SDMC TECHNOLOGY | OTT DV8988 (MMP)	5	10	500
d6abceec-2d59-4c10-ba44-dc7f3b35a952	DECODER_2_WAY	ADB | 3831CD (MMP)	5	10	500
\.


--
-- Data for Name: User; Type: TABLE DATA; Schema: public; Owner: huzzar_admin
--

COPY public."User" (id, email, name, "createdAt", identyficator, password, "phoneNumber", role, status, "updatedAt", "deletedAt") FROM stdin;
017d9498-d852-438b-b89a-89184fd4bf16	edward.tymoshuk.dev@gmail.com	Web Developer	2025-02-16 18:30:19.26	\N	$2b$10$GHN.x0o3/0LuRWcLxnI8e.Y7QB1P/l.tlJD1axjgw4zhF3CmunQke	000000000	ADMIN	ACTIVE	2025-08-31 20:38:46.396	\N
556d3565-d818-43d7-9e7b-7237289b4f81	m.pagor@huzzar.com.pl	Marcin Pagór	2025-08-31 21:11:07.066	\N	$2b$10$iDW9jMEJioC40q3gSMeZcuFza0bDUK9hU9aBZnaVlUEzK69f7lkTu	000 000 000	COORDINATOR	ACTIVE	2025-08-31 21:11:07.066	\N
66955c85-2d5b-4d91-8bf5-50239f3eda3f	magazyn-testowy@huzzar.pl	Testowy Magazynier	2025-09-02 17:03:20.342	\N	$2b$10$5KwIzxzgwV48mSDcgzHKYOf0mdjUYOgo1/FUSr3Hu/ltsKdXyZlM6	000000000	WAREHOUSEMAN	ACTIVE	2025-09-02 17:03:20.342	\N
fde34082-8f03-43c7-906a-d645aba2ba9b	koordynator@huzzar.pl	koordyntor testwy	2025-09-04 16:57:33.066	\N	$2b$10$r4veQHM7OVYVG4vcbpRDlObx4fFGU6aruH2UE1Gfw7iSn3z6TbBRK	111111111	COORDINATOR	ACTIVE	2025-09-04 16:57:33.066	\N
9e3c7093-5573-4a79-bc67-fdc0e24053e7	test@huzzar.pl	Testowy Użytkownik	2025-09-02 18:09:13.222	\N	$2b$10$2R.sz6m27m/UG36yXH2BK.VRHiFyyOGy72ACnRuVIRqH74MINCqOa	111111111	TECHNICIAN	ACTIVE	2025-09-04 19:57:52.924	\N
695e0830-b7e0-4a17-ab6f-8cd5706f979b	j.podczaski@huzzar.com.pl	JAROSŁAW PODCZASKI	2025-08-31 20:59:12.554	\N	$2b$10$1Zyb0vCLhRuWSpXFITew4Oo9QmYJLIAdJqo1sUkLMyNB4b3XkvmMe	608 520 126	TECHNICIAN	ACTIVE	2025-10-05 17:55:39.864	\N
33b23147-013c-4ce5-a56c-9d7e0fae227b	a.kubicki@huzzar.com.pl	ARTUR KUBICKI	2025-08-31 20:58:03.759	\N	$2b$10$soS0J/vO3ejQWcmhgJXiY.RSQ9X6k9/HflebdDvt4vBasauiC2mdi	665 601 666	TECHNICIAN	ACTIVE	2025-10-05 17:55:46.727	\N
44c0326c-9573-4a20-ac99-f3f0e2632e50	j.wicik@huzzar.com.pl	JAROSŁAW WICIK	2025-08-31 21:10:19.949	\N	$2b$10$UdfSSkRvVoMSsxHCteP5weWcS2QCJLEL9FKJbRhgCMJ3aWU6qDHZe	881 160 604	TECHNICIAN	ACTIVE	2025-10-05 17:55:52.777	\N
338cb344-9b73-469d-8a5e-61359673fe0d	k.frankowski@huzzar.com.pl	KRZYSZTOF FRANKOWSKI	2025-08-31 21:00:33.23	\N	$2b$10$KPY9Pyq.oJ6G..RDXUvAQesT.MUyEhqRdGjsSViDhN4NihXcCkr/2	508 808 777	TECHNICIAN	ACTIVE	2025-10-05 17:55:59.144	\N
7048a693-0ff3-4dbf-8a6e-f6ed50e98bb3	k.lapucki@huzzar.com.pl	KRZYSZTOF ŁAPUCKI	2025-08-31 21:04:22.893	\N	$2b$10$mTHCGer5.WDLeTAhaWk8JeVR14FMdUDJT/Lte.ii0wwNbPdn6Mjcm	537 799 555	TECHNICIAN	ACTIVE	2025-10-05 17:56:05.456	\N
3c5bdad7-3561-4a99-a4b2-c20e5821cec2	m.wolanowski@huzzar.com.pl	MACIEJ WOLANOWSKI	2025-08-31 21:05:09.623	\N	$2b$10$pG/pucaBoTbITskAFm4hiOpbHcyxn3rIOlnv4q.uW7jGLpZJaru4m	530 752 956	TECHNICIAN	ACTIVE	2025-10-05 17:56:12.042	\N
14a146a9-3734-4170-a1ac-388428f2fd1a	m.haase@huzzar.com.pl	MARIUSZ HAASE	2025-08-31 21:05:50.516	\N	$2b$10$U04CLsGfJCdeoiwYXB.RRuHdeyrjPPCzA0qkyz5hycIoWEYDzImvW	508 091 565	TECHNICIAN	ACTIVE	2025-10-05 17:56:18.353	\N
96e49f57-08bf-4395-acd5-48ff353c47ab	m.miszewski@huzzar.com.pl	MIROSŁAW MISZEWSKI	2025-08-31 21:06:32.952	\N	$2b$10$l52LgW6rmOEroTWYv.LP6Ol3iVjoyQdPVgqcEdcnAGm8qrsGyHjcq	691 767 243	TECHNICIAN	ACTIVE	2025-10-05 17:56:25.134	\N
ffc4d1ae-5f21-4cdd-bc80-30b4b26defe9	p.rychert@huzzar.com.pl	PATRYK RYCHERT	2025-08-31 21:01:15.33	\N	$2b$10$vXFvhKIwD.eRcdaZ0M43WOTAZvRmoQWSh5MapHlO/mEirdPd0Fy9y	884 848 273	TECHNICIAN	ACTIVE	2025-10-05 17:56:31.55	\N
4d419390-8311-4dc5-b49d-79dc66498d4f	p.bigott@huzzar.com.pl	PIOTR BIGOTT	2025-08-31 21:07:10.316	\N	$2b$10$TWnxJdIlhLHc2bDOzJWOO.3f2tzvakeBsIVGu27tXLRj.moajObJK	603 421 347	TECHNICIAN	ACTIVE	2025-10-05 17:56:37.002	\N
7fecea7e-82b0-4150-8f82-1ebad91a2c6b	p.gierszewski@huzzar.com.pl	PIOTR GIERSZEWSKI	2025-08-31 21:01:54.053	\N	$2b$10$7F9/CW7RqXwdCEiXEgjSAe2SiyA.5YlLx20qulHBcPgETNGuPnBOO	881 311 035	TECHNICIAN	ACTIVE	2025-10-05 17:56:41.865	\N
c6b68051-9089-43c3-a78b-31f62121db1e	p.kijanowski@huzzar.com.pl	PIOTR KIJANOWSKI	2025-08-31 21:07:44.365	\N	$2b$10$slLwewpFTgbC/fAqL6X04.g8VRhs8F9SNEY5HbRGOCv9yCZkv013e	504 639 030	TECHNICIAN	ACTIVE	2025-10-05 17:56:47.766	\N
92c4e97c-c105-4213-90db-a07f612208c1	p.wasniewski@huzzar.com.pl	PIOTR WAŚNIEWSKI	2025-08-31 21:02:34.966	\N	$2b$10$bb2vjt/GMX/aY005hSFE8uPsS5O8BVVmDdTKOB3KCQn14xKFaWAWO	881 628 568	TECHNICIAN	ACTIVE	2025-10-05 17:56:54.13	\N
611f376d-720a-4f1e-a1fa-fdf2437d9089	p.rychert2@huzzar.com.pl	PRZEMEK RYCHERT	2025-08-31 21:03:37.653	\N	$2b$10$5vDgsovfPuhcKmHF0pUMUe3yLV58YH4Y0W69.o1NrF/hads2OV1O.	884 054 552	TECHNICIAN	ACTIVE	2025-10-05 17:56:59.782	\N
303558ac-8c92-4905-a233-6f140cbacd66	r.janczak@huzzar.com.pl	ROMAN JAŃCZAK	2025-08-31 21:08:19.308	\N	$2b$10$zKJNdlB/PoZ7WmpyyhWZk.nD2dt/YXu73oBI9P4RNX2ZeLcx1vKD6	503 188 369	TECHNICIAN	ACTIVE	2025-10-05 17:57:06.646	\N
2694567a-9e25-4117-85fa-35bb44ba0aff	a.rychert@huzzar.com.pl	Ola Rychert	2025-08-31 20:54:38.601	\N	$2b$10$0sSPMvxbs1O5yG3IpWyIVeUUXn5gQ.1gcuLT2zFoVkWVqgmV8LjLO	884 84 84 13	COORDINATOR	ACTIVE	2025-10-05 17:59:24.545	\N
1b63fae9-6220-48bd-845b-d0a08abfafdd	t.kosiedowski@huzzar.com.pl	TOMASZ KOSIEDOWSKI	2025-08-31 21:09:00.203	\N	$2b$10$FWbXO78MpU9YLjfQo8/tDepHMm0saLHadQs5VGS1g.KSE0.RZvKXS	661 297 924	TECHNICIAN	ACTIVE	2025-10-05 17:57:17.729	\N
1b753858-a8e8-4d68-a12e-1a02411cadb7	w.sobieszczyk@huzzar.com.pl	WOJCIECH SOBIESZCZYK	2025-08-31 21:09:41.153	\N	$2b$10$4DVQxoae8L8UePFjGdVNX..Feokg9ceZblnf6wkI/uz78u32Fcnca	500 260 813	TECHNICIAN	ACTIVE	2025-10-05 17:57:25.045	\N
a0e883d2-8345-4265-9873-81fefacce23b	a.bukowska@huzzar.com.pl	Ada Bukowska	2025-08-31 20:52:19.323	\N	$2b$10$Ap/7KaGDvMwCqJiFnPPYmeB.O.6NYXQSMl7meI2s2YXYqA9FZGUVy	739 06 36 36	COORDINATOR	ACTIVE	2025-10-05 17:59:02.879	\N
2d23320c-c874-43d4-946b-ebc57cddd4d7	d.kreft@huzzar.pl	Dariusz Kreft	2025-08-31 20:22:46.843	\N	$2b$10$zQOj2KxiAuATYa9UPnyXIuxFHKd7wycdVlXef6n7GM9SzJ.G23d9q	884 84 85 86	ADMIN	ACTIVE	2025-10-05 17:59:08.578	\N
0743a6da-9e20-4c1d-b49c-a18dc769da4c	magazyn_gdynia@huzzar.com.pl	Maciej Wolanowski	2025-08-31 21:14:42.328	\N	$2b$10$QJl.ljhHgsydPXC3RP3JFueluSRmnR06c2n883gsKNQ2lL5/FLB2.	530 752 956	WAREHOUSEMAN	ACTIVE	2025-10-05 17:59:13.611	\N
c53672e7-0085-4bc3-aba3-9d9fa035db64	m.winnicka@huzzar.com.pl	Magda Winnicka	2025-09-01 09:39:46.028	\N	$2b$10$waoHHMTgugeZd2ogTUX0eOd1BBNlv0wAffxB/A4D7I/Cg2FYUxaCS	574 963 636	COORDINATOR	ACTIVE	2025-10-05 17:59:18.243	\N
ba199ee6-e009-49ad-97af-995081961b6c	test2@huzzar.com.pl	test2	2025-10-05 20:37:43.979	\N	$2b$10$KShuK62jdiLZiqiXdWZfD.QhNSOcfDrJ2aiFH19U3BIMFoQ4voIx.	000000000	TECHNICIAN	ACTIVE	2025-10-05 20:37:43.979	\N
\.


--
-- Data for Name: WarehouseLocation; Type: TABLE DATA; Schema: public; Owner: huzzar_admin
--

COPY public."WarehouseLocation" (id, name, "createdAt", "updatedAt") FROM stdin;
gdansk	Gdańsk	2025-10-05 17:49:01.419	2025-10-05 17:49:01.419
gdynia	Gdynia	2025-10-05 17:49:01.419	2025-10-05 17:49:01.419
\.


--
-- Data for Name: LocationTransfer; Type: TABLE DATA; Schema: public; Owner: huzzar_admin
--

COPY public."LocationTransfer" (id, "fromLocationId", "toLocationId", status, notes, "createdAt", "requestedById", "confirmedById", "confirmedAt") FROM stdin;
\.


--
-- Data for Name: MaterialDefinition; Type: TABLE DATA; Schema: public; Owner: huzzar_admin
--

COPY public."MaterialDefinition" (id, name, "alarmAlert", index, "warningAlert", unit, price) FROM stdin;
3ed4321a-f7ea-4d22-9038-937e487ca6f0	ADD/DROP Filtr CWDM1550 ABS 1,5mSCA	5	0702-0524-0162	10	PIECE	89
04802065-6b47-4a88-bc5d-d04904361d6f	DMUX CWDM 16ch 27-61 LGX SCA	5	0702-0524-0316	10	PIECE	699
6c2fe56f-0a97-40e5-8cba-732af70ef360	Bateria AlphaCell 100XTV	5	0701-0312-0072	10	PIECE	835.8
5f299c79-2c8a-4d2c-a718-e365127570cf	BATERIA XT100 (56Ah) DO ALPHA 014	5	0701-0312-0023	10	PIECE	522.29
36d7c267-9337-4fd7-8960-1bf0b3fe4f10	BEZP.WYŁĄCZNIK INST. S-301 C-10	5	0701-0625-0039	10	PIECE	7.54
52a160d7-ee77-411d-b795-a171f280bb59	BEZP.WYŁĄCZNIK INST. S-301 C-16	5	0701-0625-0022	10	PIECE	12.37
8ab22009-8161-4c54-97b2-e3a9ccf7de45	BEZP.WYŁĄCZNIK INST. S-302  C- 6	5	0701-0625-0107	10	PIECE	44.57
7086c2c0-359b-4fba-a90e-e8aa047149ef	BEZP.WYŁĄCZNIK INST. S-303 C-16	5	0701-0625-0043	10	PIECE	26.65
f8bf5069-8aa2-41ab-9eca-2e7cc113e66d	FILTR HPF-21 21MHZ FM-FF	5	0701-0717-0200	10	PIECE	12.5
518330bc-aba1-4373-b249-6f68746cdf0c	FILTR HPF80D/85 DOPASOWANY K.Z.	5	0701-0717-0109	10	PIECE	5.36
3ee84d7f-160b-4d20-92f4-21b1cc735c2f	Gniazdo 3x Data EZ 6-3F/V PT ZAMEL	5	0701-0719-0090	10	PIECE	12.66
1b5a3cf2-c62c-4267-8331-73259344916b	Grzałka BKT TC4 Tajfun, 400W/230VAC (0629)	5	0702-1407-0362	10	PIECE	247.81
ea2a88c2-5f10-4ac7-afb6-6c8380767549	IZOLATOR GALW. GISX100 (RURKOWY) z obudową	5	0701-0717-0206	10	PIECE	22.58
5a77a447-001c-4e00-a196-b9bbc097eb84	KABEL BUD.RG-6063 TC-6/305mb	5	0701-0720-0001	10	METER	0.48
b000164c-6c59-442d-8873-436392e4318a	KABEL DYST.RG-11/F11TSV/B.ŻELU/305m	5	0701-0820-0005	10	METER	1.01
ac5dac11-14aa-4649-a272-aa519ba0a4ee	KABEL DYST.RG-11/TC-11 MESS+LINKA	5	0701-0820-0003	10	METER	1.32
fe06c7a3-0917-44e2-93be-1b88b38f1eb0	KABEL MAGIST.COAX3 CT33E PE	5	0701-1020-0003	10	METER	9.18
aae09b43-1962-4061-880e-7815517a6675	KABEL MAGIST.TX-15 QUAD (TX15AQFEB)	5	0701-1020-0009	10	METER	2.88
f68e79ae-dc98-4275-9d14-0cd896b64180	KABEL SKRĘTKA EC250 Cat 6 U/UTP-D305	5	0701-0720-0031	10	METER	1.12
e7b9d77f-9e55-44f0-b2d0-776cb6538c08	KLUCZ DO MOCOWANIA ZŁ.F HT-224A	5	0702-1432-0066	10	PIECE	9.22
532c729f-74b3-49aa-8766-d17dd92b44c5	KŁÓDKA 27mm+PRĘT do 400  WITMOR	5	0701-0705-0004	10	PIECE	33
194aab63-75a0-48b4-b628-ba31baf0aefa	KŁÓDKA KABRO DO SKRZYNKI WITMOR	5	0701-0705-0011	10	PIECE	40.5
9098c46b-81f7-4d3d-8b52-34be37a729a1	Kłódka systemowa z uchem do szaf zewnętrznych KS-40 Witmor	5	0701-0705-0245	10	PIECE	35
19550de0-6be1-4ae8-b471-a90a87e02aa5	KOLANKO PCV  18mm op.100szt.	5	0701-0713-0003	10	PIECE	0.24
78206895-7cd1-4c93-b182-48dbf22a0e3b	LISTWA UZIEM.TELKOM	5	0701-0625-0003	10	PIECE	4.99
559b6d9c-3311-4405-a2f2-021b56fb641b	ŁĄCZNIK SC/SC APC ADAPTER SIMPLEX	5	0701-0136-0004	10	PIECE	0.35
99d671dc-cc36-4a0c-97c5-105f0df5adac	Mufa światłowodowa OFIBER PMH-144	5	0701-0128-0139	10	PIECE	136.88
fb5cb777-cf3e-4d85-891b-6b07ef6f855b	MUFA ŚWIATŁOWODOWA OFIBER PMH-48	5	0701-0128-0029	10	PIECE	62.1
b9d50c77-651b-4bd8-8d4a-3bfc44567ede	Multitap BTV412  Teleste	5	0701-0723-0121	10	PIECE	13.2
cde03ded-d080-4197-9e2e-63f53418c857	OBUDOWA NATYNKOWA DO ROZG. RSS-DATA MASK-01 ZAMEL	5	0701-0719-0107	10	PIECE	1.39
78dc9730-a5b5-47d4-a6c6-df853b37da81	OBUDOWA VPC DO ROZG. VSS TELESTE	5	0701-0719-0116	10	PIECE	1.16
a0f5af51-8618-4f66-b23d-66684e7f3b37	ODG.1*10, 1,2GHz	5	0701-0723-0139	10	PIECE	7.29
1433d4af-9ef7-4cab-8532-edcb81b6db5c	ODG.1*20_3DTS120_1,2GHz-TELESTE	5	0701-0723-0138	10	PIECE	7.28
129754e4-0c4b-4be9-8fc0-e9220561b157	ODG.1*6_3DTS106_1,2GHz-TELESTE	5	0701-0723-0124	10	PIECE	7.29
ae9f503c-274b-4993-b99f-2f4e2ce9ecca	ODG.2*10 OKF/FTS/DTV BUD.	5	0701-0723-0008	10	PIECE	1.83
7c5717ae-dcaf-44a3-b142-30e34e84a47f	ODG.4*12 /Z PRZELOTEM 3DTV412, 1,2 GHz	5	0701-0723-0127	10	PIECE	17.7
3d2ea042-f98e-49a2-8894-4c52725b3fa6	ODG.4*12 OKF/FTS/DTV BUD.	5	0701-0723-0018	10	PIECE	2.45
43c677ba-9138-41b4-ad0a-6bbb89609acb	ODG.4x16 3DTV416, 1,2GHz	5	0701-0723-0135	10	PIECE	17.7
6360e9af-8504-4043-af74-56fd3a60f943	ODG.HERM. 1/16 PCT-HDCA-1516B, 1,2GHz	5	0701-0723-0132	10	PIECE	75.3
7f8ffb76-f03c-40ba-b937-02a84f673aa7	ODG.HERM. 1/8 PCT-HDCA DC-158B 1,2GHz	5	0701-0723-0133	10	PIECE	58.14
8bd792e8-651e-498e-95d6-9069ea327e70	OSŁONA SPAWU 45mm/2,4mm	5	0701-0130-0015	10	PIECE	0.11
a9f874d3-c311-493a-8bba-5f3816fa9391	PATCHCORD SC/APC-SC/APC SIMPL 1,5mb	5	0701-0136-0013	10	PIECE	3.52
ed85ed6c-5b95-41bd-8466-ec3a18000450	PATCHCORD SC-APC/SC-APC SIMPLEX 15m biały B3ND	5	0701-0136-0382	10	PIECE	7.5
2e8f06c6-135e-4920-9b6a-b8326fad3cff	PATCHCORD SC-APC/SC-APC SIMPLEX 25m biały B3ND	5	0701-0136-0384	10	PIECE	11.25
a3c7e67c-86aa-4990-87ca-fc981c5d8fc2	PATCHCORD SC-APC/SC-APC SIMPLEX 30m biały B3ND	5	0701-0136-0385	10	PIECE	12.17
e71efac1-deda-4743-9a20-4db10706c098	PATCHCORD SC-APC/SC-APC SIMPLEX 35m biały B3ND	5	0701-0136-0386	10	PIECE	14.21
5a03638f-b26b-4a96-b49c-6a882c892357	PATCHCORD SC-APC/SC-APC SIMPLEX 40m biały B3ND	5	0701-0136-0387	10	PIECE	15.78
7e41929f-3b2e-48ac-85d1-7f8d2375eb9d	Przełącznica hermetyczna OPBOX-TT-48SCSX-TW-2x24-N-SPL-N	5	0701-0133-0212	10	PIECE	450
e4944ab6-4850-4f5f-8846-8992c203d1e4	PUSZKA ELEKTRYCZNA 60mm P/T	5	0701-0625-0005	10	PIECE	0.28
32459afe-5c28-4397-ba1f-09220c96cc83	PUSZKA ELEKTRYCZNA 60mm P/T głęboka	5	0701-0625-0139	10	PIECE	0.36
ae80facb-82e1-4f49-85db-6dd2de8390ec	PUSZKA PK-8 196/196/93 PCV	5	0701-0713-0060	10	PIECE	21.23
b7217203-0776-4578-b1c4-de1ba9f5a459	PUSZKA PK-9 303/213/125 n/t	5	0701-0713-0129	10	PIECE	29.27
4ddbbef4-f705-4656-8c0b-e3f1d032c91c	ROZG.*4 RSS-DATA 4F 1.2GHz SYM.BUD.ZAMEL	5	0701-0719-0106	10	PIECE	9.11
c3f8ac93-a4e1-47b4-ab29-0a9b406d9290	ROZG.*8 RV/FS/DSV/PCT SYM.BUD.	5	0701-0723-0072	10	PIECE	10.47
6404a616-05b4-4aaa-8be1-125a615a75be	ROZG.*8, 3DSV8 1,2 GHz	5	0701-0723-0125	10	PIECE	30.63
54e43e14-efff-44d9-a6f3-03624ebe6af5	ROZG.HERM.NIESYMETRYCZNY 1x3 PCT-HSPA-3U15B, 1,2GHz  3SP-3U-SA	5	0701-0723-0130	10	PIECE	89.16
0b0d280f-aeee-4bc3-94f4-403c1e93178e	SKRZYNKA 300 + PRĘT RURA WITMOR	5	0701-0705-0003	10	PIECE	58.2
18306678-0c9e-4f59-aee1-bf41f23c95e7	SKRZYNKA 400 + PRĘT RURA WITMOR	5	0701-0705-0001	10	PIECE	90.1
6a721337-8cdf-426c-bada-ce2d0a59af29	SPL 1x12 OFIBER STEEL BOX SC APC 1m (wyj 2m 250um)	5	0702-0524-0438	10	PIECE	35.51
f0a0c0a1-92ea-4914-ad6c-5ba2a9c18bf5	SPL 1x16  OFIBER ABS  SC APC, 2.0mm, 1m	5	0702-0524-0452	10	PIECE	33.16
028c7fc3-7b9a-4f67-88d5-b62d01d98c2d	SPL 1x16  OFIBER STEEL BOX SC APC 1m	5	0702-0524-0451	10	PIECE	30.67
510a9771-bb01-464c-9121-17cf4f0fda02	SPL 1x2  OFIBER STEEL BOX SC APC 1m	5	0702-0524-0450	10	PIECE	8.92
fd957885-17d7-4f35-9c19-74b2134cdba6	SPL 1x32  OFIBER STEEL BOX SC APC 1m	5	0702-0524-0449	10	PIECE	56.03
0a50c1c0-1add-4919-b909-4da21392986a	SPL 1x4   OFIBER STEEL BOX SC APC 1m	5	0702-0524-0448	10	PIECE	10.8
c8e25cdb-6078-456a-93af-b64d47a282da	SPL 1x64   OFIBER STEEL BOX SC APC 1m	5	0702-0524-0447	10	PIECE	125.99
64439fe1-9e8d-4ae5-94c7-68143440cff1	SPL 1x8 OFIBER STEEL BOX SC APC 1m	5	0702-0524-0446	10	PIECE	14.65
f7d5f674-a956-450f-9f84-381ae1967513	SPLITTER  SM - ABS 1x8 SYM SC/APC 1m	5	0702-0524-0466	10	PIECE	19.92
f99d7ac5-d04c-41de-a456-15e3a853bf80	SPLITTER 1x32 ABS PLC 1m SC/APC do 1UHD	5	0702-0524-0198	10	PIECE	94.7
f9f75f3f-675a-42d5-b62b-70cdb9f650b8	SPLITTER SM - ABS 1x4 SYM SC/APC	5	0702-0524-0402	10	PIECE	15.96
cc3b81ef-a8b5-41bc-ae53-d6fe38c29bbb	SPLITTER SM - LGX 1x2 50/50 SC/APC	5	0702-0524-0400	10	PIECE	91.45
f802bba0-ac8e-47bb-9a5a-c7d229da1a71	SPLITTER SM - LGX 1x8 SYM. SC/APC	5	0702-0524-0404	10	PIECE	22.06
ce3fae67-59ed-499e-8160-dfc837fdab89	SPLITTER SM-ABS 1x2 SYM. SC/APC	5	0702-0524-0406	10	PIECE	13.96
3b0e54bd-5c30-4f60-9867-e81d5c4c0de6	SPLITTER SPL-ABS-4x4-SCAPC	5	0702-0524-0119	10	PIECE	38.47
be6e81f8-4181-482a-874f-2f320135d528	SPLITTER SPL-ABS-8x8-SCAPC	5	0702-0524-0084	10	PIECE	86.73
0334c77e-c090-491e-891e-f0aa846ef6e5	SZAFA ZK-1 B/DNA 450x600x250/0,11m2	5	0701-1006-0002	10	PIECE	196
192f1b51-4be4-45b9-a103-58eebb9425bc	SZAFKA OFIBER MBI-12DZ, 12SC SIMPLEX	5	0701-0133-0230	10	PIECE	48.99
8f6dcf73-cae7-42a1-a173-e2a052926056	SZAFKA OFIBER MBI-24, 24SC SIMPLEX	5	0701-0133-0229	10	PIECE	79.61
3cbba09f-87cb-4411-91d4-83db1f2b0d67	TAŚMA RZEPOWA 15/16mm	5	0701-0713-0201	10	METER	140
1643b844-c57d-4a4b-b1e4-4339aba3283c	Termostat KTS-1141 da szaf ZPAS	5	0702-1407-0393	10	PIECE	32.05
f81f26e2-5ca1-4971-9472-ed9f4a8d7260	TŁUMIK AFM-16A NIEREGULOWANY	5	0702-1430-0009	10	PIECE	2.75
c2bdff84-77f5-4487-a2b4-da4a9ea0f862	TŁUMIK AFM-20A NIEREGULOWANY	5	0702-1430-0012	10	PIECE	2.75
abe78c14-5e79-429e-8fbc-b80a4f911b3b	Tłumik nieregulowany LATT 10dB, FM/FF, 5-3000MHz	5	0702-1430-0372	10	PIECE	2.26
0048fe49-c276-44f1-ac45-bd58cf7512dc	Tłumik nieregulowany LATT 12dB, FM/FF, 5-3000MHz	5	0702-1430-0373	10	PIECE	2.26
d013488a-ad3d-47c2-afca-4e7f118db993	Tłumik nieregulowany LATT 16dB, FM/FF, 5-3000MHz	5	0702-1430-0374	10	PIECE	2.38
84d1cfa5-db37-4e58-a1ef-ceaae03ad43a	Tłumik nieregulowany LATT 20dB, FM/FF, 5-3000MHz	5	0702-1430-0375	10	PIECE	2.38
489d08f7-ae98-4899-9752-6f70265fd7e0	Tłumik nieregulowany LATT 2dB, FM/FF, 5-3000MHz	5	0702-1430-0367	10	PIECE	2.32
ac8e5265-03c2-46fc-b26b-159c0ae17ee1	Tłumik nieregulowany LATT 3dB, FM/FF, 5-3000MHz	5	0702-1430-0368	10	PIECE	2.32
d001b160-6900-401d-8a4c-68741cd22ccb	Tłumik nieregulowany LATT 4dB, FM/FF, 5-3000MHz	5	0702-1430-0369	10	PIECE	2.32
a69348a2-e09e-4ee0-bc9b-9e5dd10fdb7d	Tłumik nieregulowany LATT 6dB, FM/FF, 5-3000MHz	5	0702-1430-0370	10	PIECE	2.32
66212928-060d-4aa1-a51f-9ae19cceba66	Tłumik nieregulowany LRPA 12dB, FM/FF, 5-85MHz	5	0702-1430-0379	10	PIECE	5.69
798de20d-b251-4d5b-8774-f56b8aeda7bd	Tłumik nieregulowany LRPA 3dB, FM/FF, 5-85MHz	5	0702-1430-0376	10	PIECE	5.69
0831a2a5-992b-4e52-9c3f-091248dafa1a	Tłumik nieregulowany LRPA 6dB, FM/FF, 5-85MHz	5	0702-1430-0377	10	PIECE	5.69
5d618f63-dcb7-4a35-bc2b-c4794094e453	Tłumik nieregulowany LRPA 9dB, FM/FF, 5-85MHz	5	0702-1430-0378	10	PIECE	5.69
f0666e72-c961-4319-8ad9-2c34cf6611e6	Uchwyt do styropianu OS-1	5	0701-0713-0225	10	PIECE	0.04
98d8f034-99cc-4e13-abfc-668072be2043	WKŁ. AC6113 (TAP 2/8,5), TELESTE	5	0701-0234-0240	10	PIECE	33.23
7b359fd2-4d26-48b4-a494-de06e4c113de	WKŁ. AC6114 (TAP 2/12), TELESTE	5	0701-0234-0241	10	PIECE	44.93
c421201d-d96f-495d-956c-26a8179f614f	WKŁ. AC6115 (TAP 1/16), TELESTE	5	0701-0234-0242	10	PIECE	45.49
7f392c59-dde2-43e0-b2f3-0d194042a633	WKŁ. AC6120 (JUMPER), TELESTE	5	0701-0234-0238	10	PIECE	23.54
b0402298-da54-4b74-af1f-51c3e20d201a	WKŁ. AC6124 (2-Way Splitter), TELESTE	5	0701-0234-0239	10	PIECE	44.93
ca994037-4a30-4285-a034-5c6759209445	WKŁ. EQI-6/1GHz TELKOM	5	0701-0934-0120	10	PIECE	7.45
b005d6b1-44c3-4228-9875-49580541e5b1	WKŁ. EQI-9/1GHz TELKOM	5	0701-0934-0118	10	PIECE	7.45
9718dd9f-1dd8-42f8-be4b-4f0d48e0c4a0	Wkł. wej. AM 301-08A, 1-way tap, do wzm. mag. DELTA	5	0701-0934-0125	10	PIECE	61.34
b63a1e24-cd93-4aa1-b2bb-ed5ff53f296d	Wkł. wej. AM 301-08B, 1-way tap, do wzm. mag. DELTA	5	0701-0934-0126	10	PIECE	61.34
652dbd7f-1afe-4e72-a3e1-31e217617d86	Wkł. wej. AM 301-10A, 1-way tap, do wzm. mag. DELTA	5	0701-0934-0127	10	PIECE	61.34
0412cb8a-4b15-4d83-ac93-406f21e4854f	Wkł. wej. AM 301-10B, 1-way tap, do wzm. mag. DELTA	5	0701-0934-0128	10	PIECE	61.34
a9845e5e-5443-450c-92f2-e7d4360f313f	Wkł. wej. AM 301-14A, 1-way tap, do wzm. mag. DELTA	5	0701-0934-0129	10	PIECE	61.34
63443ab4-cb24-44b3-8c04-017a66eb9562	Wkł. wej. AM 301-14B, 1-way tap, do wzm. mag. DELTA	5	0701-0934-0130	10	PIECE	61.34
832b007f-2fd9-4040-a733-8d310af704cd	Wkł. wej. VM 302, 2-way splitter, do wzm. mag. DELTA	5	0701-0934-0124	10	PIECE	63.46
2f4bc889-6d67-46ef-a00f-8a182458cef6	WKŁ.75130.106587 F. DIPLEX FOR EGC	5	0701-0234-0073	10	PIECE	28.84
9c33d565-95ae-428f-802d-bc85c71a4d12	WKŁ.A77041.10 3.5/3.5dB ROZ WYJ	5	0701-0934-0031	10	PIECE	12.98
8053be1e-14c6-4be7-ba00-5a40e1b03a8b	WKŁ.A77042.10 2.0/6.0 dB ROZ WYJ	5	0701-0934-0043	10	PIECE	12.66
f67e4747-c8a6-4adf-ab34-e43a3f77765e	WKŁ.CXD065 do CX3, DF 65/85 MHz, Teleste	5	0701-0434-0136	10	PIECE	29.04
d734ccc6-ac4e-45cf-b285-31533d030914	WKŁ.CXM1 do CX3, Zwora 0dB, Teleste	5	0701-0434-0139	10	PIECE	27.26
a407a79a-7e7f-4b8c-b042-4378236b268f	WKŁ.EQ 1218 ET KOREKTOR VECTOR	5	0701-0434-0129	10	PIECE	30.85
779a8091-904b-43dc-90aa-2ce3b2f8f3cb	WKŁ.EQ 2115G AURORA BSE1041	5	0701-0234-0225	10	PIECE	26.48
f49c7464-fe03-44a0-bc49-4d045f9b936a	WKŁ.EQ 2118G AURORA BSE1044	5	0701-0234-0228	10	PIECE	26.48
7ce84605-f73c-4d98-9243-b058ffa817a8	WKŁ.EQA-65 AKT.KOR.K.Z.TELKOM	5	0701-0934-0022	10	PIECE	12.51
239ea368-8fd3-441d-8b3e-0ecbfcb7ebe4	WKŁ.EQI-12/1GHz TELKOM	5	0701-0934-0119	10	PIECE	7.33
35ea3c0e-8383-48ac-b041-c5ae83e4d67d	WKŁ.EQI-3/1 TELKOM 1GHz	5	0701-0934-0123	10	PIECE	7.33
fb6b1f5b-d23e-469c-bec7-ba21ffcaa9bb	WKŁ.FPA-17 FILTR DOLNOZAP.TELKOM	5	0701-0934-0020	10	PIECE	8.5
6e03e1b3-0d29-442f-8841-019cee351d9f	WKŁ.JUMPER JP 0 T VECTOR	5	0701-0434-0127	10	PIECE	2.98
a5a19b5e-cb75-4892-8672-1ffe33781c20	WKŁ.SPLITT.SP2000-8 AURORA	5	0701-0234-0231	10	PIECE	131.87
e4841b1e-ebbf-4426-8ea4-77e752ed355f	WKŁ.STI-3.5 TELKOM	5	0701-0934-0035	10	PIECE	8.45
f2ca3924-b0e4-4a4a-816a-3df15dfe6e8f	WKŁ.TSI-1/12 ODGAŁĘŹNIK TELKOM	5	0701-0934-0046	10	PIECE	8.45
6bc6b36a-6d0d-4f77-9af3-b81817dd5d45	WKŁ.TSI-1/14 ODGAŁĘŹNIK TELKOM	5	0701-0934-0049	10	PIECE	8.45
a5eaae16-1723-4094-91f1-96816f9befbd	WTYK RJ-45/8P WM8x8 INTERNET/100szt	5	0701-0702-0009	10	PIECE	0.14
96f374ef-1ab7-478a-9bee-4f4d670c7dc9	Wtyk telef 8P 8C TEL0004-1 RJ45	5	0701-0702-0044	10	PIECE	0.22
4719a0fb-8207-4bc1-b831-fc557459f831	ZACISKARKA CAT AS IEC/F-FX/HT-H548A1	5	0702-1432-0008	10	PIECE	91.3
ba19a66a-459a-46a0-8cca-cb3d1bff76ab	ZARABIACZ DO KABLA TX15 TXFF-QP	5	0702-1432-0092	10	PIECE	323
1d41ba1d-c7bf-4b21-aad1-14b24cf61b13	ZEST.USZCZ.GŁÓWNY TERMO OZKS160C	5	0701-0128-0044	10	PIECE	63
787d981b-370c-4ebf-b6ed-e4d21ef61063	ZŁ. z PG11M na 5/8F (PIERŚCIEŃ-CIENKI)	5	0701-1002-0001	10	PIECE	3.72
f5846226-0ad9-441e-862e-46d4edb7567c	ZŁ.5/8F-5/8F BECZKA	5	0701-1002-0005	10	PIECE	13.41
1890d69b-a227-4b26-83cb-7c12f594f140	ZŁ.5/8M-AC Power Adaptor PAKSMSW	5	0701-0802-0041	10	PIECE	30.42
8803270b-e325-495b-8546-975a35e254c2	ZŁ.5/8M-FF (1*PIN)	5	0701-0802-0006	10	PIECE	7.37
b7cfa02b-8962-4d1a-af40-1428cb610515	ZŁ.5/8MU-309/D056-5/8M/COAX4(*PIN)	5	0701-0802-0004	10	PIECE	34.84
4554acee-1eee-47f9-8bdd-18421df1328c	ZŁ.5/8MU-427/TX-15  (S15 BVFQ FLEX)	5	0701-1002-0068	10	PIECE	36.26
8dd1caaa-3f55-4cb0-bf06-a9dcd2eb3462	ZŁ.5/8MU-46 31/47/CT-33 na COAX3	5	0701-1002-0010	10	PIECE	70.3
8812564c-9df3-4a05-9d68-b57921681452	ZŁ.5/8MU-87TI/QR-860 (STAL.)	5	0701-1002-0012	10	PIECE	74.42
5e80f856-1cb4-4985-871d-431baa921616	ZŁ.5/8MU-C232/RG-11/COAX6(*PIN)	5	0701-0802-0005	10	PIECE	25.64
3936e979-c626-4fa0-833e-4c2c48f3559b	ZŁ.5/8MU-C540TI(5/8MS)na QR-540	5	0701-1002-0002	10	PIECE	50.53
2e18183d-926f-4b1e-9115-7f72514fe869	ZŁ.EX F-11 COMPRES/RG-11	5	0701-0802-0026	10	PIECE	3.23
6d121279-b966-47b9-85d3-22ebfdbeea9e	ZŁ.EX F-60 XL COMPRES/RG-6,0 ERS-60	5	0701-0702-0036	10	PIECE	0.89
6fa17846-d946-49d3-ab6a-10725658f045	ZŁ.F-75/FF-20L/FTC75 (OPORNIK)	5	0701-0702-0002	10	PIECE	0.16
b2d9e10b-73dd-4abf-8dd1-e0202a8be66b	ZŁ.F-81/FF-13L BECZKA ŻEŃSKA	5	0701-0702-0004	10	PIECE	0.18
3f5e5f46-b50d-4c65-a8cb-268b94099cac	ZŁ.FM-427/TX-15 (S15 BVFQ FLEX)	5	0701-1002-0069	10	PIECE	30.81
297459fe-50ed-4c99-808e-376a92cfe185	ZŁ.FM-C540TI/75TI na QR540	5	0701-1002-0018	10	PIECE	37.49
02d997ff-854b-4049-a83d-f2a28c55d354	ZŁ.PG11MU-32 (MU232) COAX6	5	0701-1002-0004	10	PIECE	30.87
0664d012-69ff-4774-87d6-9d2e0f7c3642	ZŁ.SP-44 (SP-427) na TX15	5	0701-1002-0072	10	PIECE	54.78
054d0f98-7b79-49b1-8efc-a7ae2cdcb5a1	ZŁ.SP-75TI (G052-SPL) na QR-540	5	0701-1002-0019	10	PIECE	48.96
0b6e3bd4-0fc1-4738-b9e0-f840d843de53	ZŁ.WKG-506 ŻEŃ./RG-60 WKR.zielone FF-IEC F/90K	5	0701-0702-0006	10	PIECE	2.75
80b20a1c-2bd4-407c-8bff-f1ddd01eaded	ZŁ.WKS-106 DO GMC-350/351 WKR.  ADAPTER SZYBKI	5	0701-0702-0008	10	PIECE	2.75
b98ee487-9d7d-4558-9ca0-596b43c07376	ZŁ.WKW-506 MĘS./RG-60 WKR.zielone FF-IEC M/90K	5	0701-0702-0005	10	PIECE	1.62
5288b6df-5a12-4ff8-900c-9f382f696b0e	Zwrotnica Zasilająca 3LPI-RE	5	0701-0330-0032	10	PIECE	89.16
\.


--
-- Data for Name: Warehouse; Type: TABLE DATA; Schema: public; Owner: huzzar_admin
--

COPY public."Warehouse" (id, "itemType", name, category, "serialNumber", quantity, unit, price, status, "assignedToId", "createdAt", "updatedAt", "alarmAlert", index, "warningAlert", "materialDefinitionId", "transferPending", "transferToId", "locationId") FROM stdin;
a8620471-43c4-4ff9-b7f2-be5e800f03e0	MATERIAL	Bateria AlphaCell 100XTV	\N	\N	7	PIECE	835.8	AVAILABLE	\N	2025-10-07 17:34:25.565	2025-10-07 17:34:25.565	5	0701-0312-0072	10	6c2fe56f-0a97-40e5-8cba-732af70ef360	f	\N	gdansk
54a8e737-f9f8-4567-ba42-cced4223d176	MATERIAL	BATERIA XT100 (56Ah) DO ALPHA 014	\N	\N	1	PIECE	522.29	AVAILABLE	\N	2025-10-07 17:34:25.572	2025-10-07 17:34:25.572	5	0701-0312-0023	10	5f299c79-2c8a-4d2c-a718-e365127570cf	f	\N	gdansk
3f7e8228-4b41-4bd7-aab9-ca98c778055f	MATERIAL	BEZP.WYŁĄCZNIK INST. S-301 C-10	\N	\N	12	PIECE	7.54	AVAILABLE	\N	2025-10-07 17:34:25.579	2025-10-07 17:34:25.579	5	0701-0625-0039	10	36d7c267-9337-4fd7-8960-1bf0b3fe4f10	f	\N	gdansk
149c5c69-155a-414f-9f6c-86ba41e8fd6e	MATERIAL	BEZP.WYŁĄCZNIK INST. S-301 C-16	\N	\N	12	PIECE	12.37	AVAILABLE	\N	2025-10-07 17:34:25.585	2025-10-07 17:34:25.585	5	0701-0625-0022	10	52a160d7-ee77-411d-b795-a171f280bb59	f	\N	gdansk
f0efc369-8b19-4f09-a674-0f8d9215dcc7	MATERIAL	BEZP.WYŁĄCZNIK INST. S-302  C- 6	\N	\N	5	PIECE	44.57	AVAILABLE	\N	2025-10-07 17:34:25.59	2025-10-07 17:34:25.59	5	0701-0625-0107	10	8ab22009-8161-4c54-97b2-e3a9ccf7de45	f	\N	gdansk
9a2dd338-0ea6-44fe-83e2-9f67365cef61	MATERIAL	BEZP.WYŁĄCZNIK INST. S-303 C-16	\N	\N	6	PIECE	26.65	AVAILABLE	\N	2025-10-07 17:34:25.596	2025-10-07 17:34:25.596	5	0701-0625-0043	10	7086c2c0-359b-4fba-a90e-e8aa047149ef	f	\N	gdansk
4b6f8d0a-0341-40ef-b084-c215d5f94cf9	MATERIAL	DMUX CWDM 16ch 27-61 LGX SCA	\N	\N	1	PIECE	699	AVAILABLE	\N	2025-10-07 17:34:25.603	2025-10-07 17:34:25.603	5	0702-0524-0316	10	04802065-6b47-4a88-bc5d-d04904361d6f	f	\N	gdansk
9acbe656-c333-4a2c-8f50-bad1e1feea4b	MATERIAL	FILTR HPF-21 21MHZ FM-FF	\N	\N	10	PIECE	12.5	AVAILABLE	\N	2025-10-07 17:34:25.608	2025-10-07 17:34:25.608	5	0701-0717-0200	10	f8bf5069-8aa2-41ab-9eca-2e7cc113e66d	f	\N	gdansk
a854b6d1-6da3-40b2-a8bf-a75706ce0019	MATERIAL	FILTR HPF80D/85 DOPASOWANY K.Z.	\N	\N	54	PIECE	5.36	AVAILABLE	\N	2025-10-07 17:34:25.613	2025-10-07 17:34:25.613	5	0701-0717-0109	10	518330bc-aba1-4373-b249-6f68746cdf0c	f	\N	gdansk
285674ad-029f-45b3-b45a-57bf642c2cb2	MATERIAL	Gniazdo 3x Data EZ 6-3F/V PT ZAMEL	\N	\N	30	PIECE	12.66	AVAILABLE	\N	2025-10-07 17:34:25.618	2025-10-07 17:34:25.618	5	0701-0719-0090	10	3ee84d7f-160b-4d20-92f4-21b1cc735c2f	f	\N	gdansk
92b4d4ca-be6a-4493-b753-2b5c72171bd4	MATERIAL	Grzałka BKT TC4 Tajfun, 400W/230VAC (0629)	\N	\N	2	PIECE	247.81	AVAILABLE	\N	2025-10-07 17:34:25.624	2025-10-07 17:34:25.624	5	0702-1407-0362	10	1b5a3cf2-c62c-4267-8331-73259344916b	f	\N	gdansk
bfb539e7-3bec-404a-8ad7-60555d42c19b	MATERIAL	IZOLATOR GALW. GISX100 (RURKOWY) z obudową	\N	\N	48	PIECE	22.58	AVAILABLE	\N	2025-10-07 17:49:10.825	2025-10-07 17:49:10.825	5	0701-0717-0206	10	ea2a88c2-5f10-4ac7-afb6-6c8380767549	f	\N	gdansk
ef374f35-caf1-4373-a801-00b3d3ea9e91	MATERIAL	KABEL DYST.RG-11/F11TSV/B.ŻELU/305m	\N	\N	1830	METER	1.01	AVAILABLE	\N	2025-10-07 17:49:10.84	2025-10-07 17:49:10.84	5	0701-0820-0005	10	b000164c-6c59-442d-8873-436392e4318a	f	\N	gdansk
6d0466a9-1bca-4869-a7cf-920394b40ee0	MATERIAL	KABEL DYST.RG-11/TC-11 MESS+LINKA	\N	\N	305	METER	1.32	AVAILABLE	\N	2025-10-07 17:49:10.847	2025-10-07 17:49:10.847	5	0701-0820-0003	10	ac5dac11-14aa-4649-a272-aa519ba0a4ee	f	\N	gdansk
71992d2e-a01c-4f63-bab7-2b8b1675e65f	MATERIAL	KABEL MAGIST.COAX3 CT33E PE	\N	\N	55	METER	9.18	AVAILABLE	\N	2025-10-07 17:49:10.853	2025-10-07 17:49:10.853	5	0701-1020-0003	10	fe06c7a3-0917-44e2-93be-1b88b38f1eb0	f	\N	gdansk
60bee1b4-3fa9-4a28-b1a3-ebbb0cd01320	MATERIAL	KABEL MAGIST.TX-15 QUAD (TX15AQFEB)	\N	\N	66	METER	2.88	AVAILABLE	\N	2025-10-07 17:49:10.859	2025-10-07 17:49:10.859	5	0701-1020-0009	10	aae09b43-1962-4061-880e-7815517a6675	f	\N	gdansk
425c22c2-ac9d-448c-afa8-4d77b4f55e46	MATERIAL	KABEL SKRĘTKA EC250 Cat 6 U/UTP-D305	\N	\N	601	METER	1.12	AVAILABLE	\N	2025-10-07 17:49:10.865	2025-10-07 17:49:10.865	5	0701-0720-0031	10	f68e79ae-dc98-4275-9d14-0cd896b64180	f	\N	gdansk
0c2435aa-d8fe-4c8a-a084-d60a8149f2e7	MATERIAL	KLUCZ DO MOCOWANIA ZŁ.F HT-224A	\N	\N	3	PIECE	9.22	AVAILABLE	\N	2025-10-07 17:49:10.871	2025-10-07 17:49:10.871	5	0702-1432-0066	10	e7b9d77f-9e55-44f0-b2d0-776cb6538c08	f	\N	gdansk
735a240e-817b-4291-a13a-eab7e5449623	MATERIAL	KŁÓDKA 27mm+PRĘT do 400  WITMOR	\N	\N	9	PIECE	33	AVAILABLE	\N	2025-10-07 17:49:10.877	2025-10-07 17:49:10.877	5	0701-0705-0004	10	532c729f-74b3-49aa-8766-d17dd92b44c5	f	\N	gdansk
4a105eed-4fb9-40ed-b4ca-28affb0b8004	MATERIAL	KŁÓDKA KABRO DO SKRZYNKI WITMOR	\N	\N	48	PIECE	40.5	AVAILABLE	\N	2025-10-07 17:49:10.883	2025-10-07 17:49:10.883	5	0701-0705-0011	10	194aab63-75a0-48b4-b628-ba31baf0aefa	f	\N	gdansk
d421af4c-1364-4ebf-9c98-9e2fcceeb148	MATERIAL	Kłódka systemowa z uchem do szaf zewnętrznych KS-40 Witmor	\N	\N	6	PIECE	35	AVAILABLE	\N	2025-10-07 17:49:10.888	2025-10-07 17:49:10.888	5	0701-0705-0245	10	9098c46b-81f7-4d3d-8b52-34be37a729a1	f	\N	gdansk
6eeaa5f6-d360-43ce-8052-52573f075dca	MATERIAL	KOLANKO PCV  18mm op.100szt.	\N	\N	135	PIECE	0.24	AVAILABLE	\N	2025-10-07 17:49:10.893	2025-10-07 17:49:10.893	5	0701-0713-0003	10	19550de0-6be1-4ae8-b471-a90a87e02aa5	f	\N	gdansk
975ae8d8-da98-47f3-b1f5-949f26818de8	MATERIAL	ADD/DROP Filtr CWDM1550 ABS 1,5mSCA	\N	\N	3	PIECE	89	AVAILABLE	\N	2025-10-07 17:34:25.554	2025-10-07 17:34:25.554	5	0702-0524-0162	10	3ed4321a-f7ea-4d22-9038-937e487ca6f0	f	\N	gdansk
a3deca58-d4a1-4081-9229-5b05953bb24c	MATERIAL	LISTWA UZIEM.TELKOM	\N	\N	14	PIECE	4.99	AVAILABLE	\N	2025-10-07 17:49:10.899	2025-10-07 17:49:10.899	5	0701-0625-0003	10	78206895-7cd1-4c93-b182-48dbf22a0e3b	f	\N	gdansk
3dcf459e-a62e-4ebd-a85d-44a2e799a196	MATERIAL	ŁĄCZNIK SC/SC APC ADAPTER SIMPLEX	\N	\N	11	PIECE	0.35	AVAILABLE	\N	2025-10-07 17:49:10.905	2025-10-07 17:49:10.905	5	0701-0136-0004	10	559b6d9c-3311-4405-a2f2-021b56fb641b	f	\N	gdansk
02a342c4-75bd-441d-8e16-b78e3024d7d6	MATERIAL	Mufa światłowodowa OFIBER PMH-144	\N	\N	12	PIECE	136.88	AVAILABLE	\N	2025-10-07 17:49:10.91	2025-10-07 17:49:10.91	5	0701-0128-0139	10	99d671dc-cc36-4a0c-97c5-105f0df5adac	f	\N	gdansk
ab9c4ae0-bf02-4478-b6bc-2c591c019ff3	MATERIAL	MUFA ŚWIATŁOWODOWA OFIBER PMH-48	\N	\N	13	PIECE	62.1	AVAILABLE	\N	2025-10-07 17:49:10.915	2025-10-07 17:49:10.915	5	0701-0128-0029	10	fb5cb777-cf3e-4d85-891b-6b07ef6f855b	f	\N	gdansk
5f7c060c-720c-4060-894d-53395c6c7352	MATERIAL	Multitap BTV412  Teleste	\N	\N	48	PIECE	13.2	AVAILABLE	\N	2025-10-07 17:49:10.922	2025-10-07 17:49:10.922	5	0701-0723-0121	10	b9d50c77-651b-4bd8-8d4a-3bfc44567ede	f	\N	gdansk
d4bfa12e-feb5-427e-ad21-8e6c4d367781	MATERIAL	OBUDOWA NATYNKOWA DO ROZG. RSS-DATA MASK-01 ZAMEL	\N	\N	993	PIECE	1.39	AVAILABLE	\N	2025-10-07 17:49:10.927	2025-10-07 17:49:10.927	5	0701-0719-0107	10	cde03ded-d080-4197-9e2e-63f53418c857	f	\N	gdansk
a8c960b9-1eb0-4924-8bf5-7cab2d286c80	MATERIAL	OBUDOWA VPC DO ROZG. VSS TELESTE	\N	\N	165	PIECE	1.16	AVAILABLE	\N	2025-10-07 17:49:10.933	2025-10-07 17:49:10.933	5	0701-0719-0116	10	78dc9730-a5b5-47d4-a6c6-df853b37da81	f	\N	gdansk
e8760855-a1f3-453f-bc7b-cf67543dfa7c	MATERIAL	ODG.1*10, 1,2GHz	\N	\N	35	PIECE	7.29	AVAILABLE	\N	2025-10-07 17:49:10.939	2025-10-07 17:49:10.939	5	0701-0723-0139	10	a0f5af51-8618-4f66-b23d-66684e7f3b37	f	\N	gdansk
4b4e9254-34f5-412d-a8fd-01563286b2b7	MATERIAL	ODG.1*20_3DTS120_1,2GHz-TELESTE	\N	\N	22	PIECE	7.28	AVAILABLE	\N	2025-10-07 17:49:10.945	2025-10-07 17:49:10.945	5	0701-0723-0138	10	1433d4af-9ef7-4cab-8532-edcb81b6db5c	f	\N	gdansk
a03eed27-9bc6-4313-b570-0b1f57c4c069	MATERIAL	ODG.1*6_3DTS106_1,2GHz-TELESTE	\N	\N	16	PIECE	7.29	AVAILABLE	\N	2025-10-07 17:49:10.95	2025-10-07 17:49:10.95	5	0701-0723-0124	10	129754e4-0c4b-4be9-8fc0-e9220561b157	f	\N	gdansk
a464435f-2ffc-4bd9-a7fa-9045173c8c43	MATERIAL	ODG.2*10 OKF/FTS/DTV BUD.	\N	\N	16	PIECE	1.83	AVAILABLE	\N	2025-10-07 17:49:10.956	2025-10-07 17:49:10.956	5	0701-0723-0008	10	ae9f503c-274b-4993-b99f-2f4e2ce9ecca	f	\N	gdansk
df34b1fc-0a7b-409e-9a94-c1ecd806c3ee	MATERIAL	ODG.4*12 /Z PRZELOTEM 3DTV412, 1,2 GHz	\N	\N	5	PIECE	17.7	AVAILABLE	\N	2025-10-07 17:49:10.962	2025-10-07 17:49:10.962	5	0701-0723-0127	10	7c5717ae-dcaf-44a3-b142-30e34e84a47f	f	\N	gdansk
f10b4555-a152-4b72-bd5c-8e648fefd9eb	MATERIAL	ODG.4*12 OKF/FTS/DTV BUD.	\N	\N	2	PIECE	2.45	AVAILABLE	\N	2025-10-07 17:49:10.968	2025-10-07 17:49:10.968	5	0701-0723-0018	10	3d2ea042-f98e-49a2-8894-4c52725b3fa6	f	\N	gdansk
0badb389-0697-449a-a3f7-dbf81741596b	MATERIAL	ODG.4x16 3DTV416, 1,2GHz	\N	\N	13	PIECE	17.7	AVAILABLE	\N	2025-10-07 17:49:10.974	2025-10-07 17:49:10.974	5	0701-0723-0135	10	43c677ba-9138-41b4-ad0a-6bbb89609acb	f	\N	gdansk
f9c709bd-0889-441b-9e04-7fbd0e896d7e	MATERIAL	ODG.HERM. 1/16 PCT-HDCA-1516B, 1,2GHz	\N	\N	1	PIECE	75.3	AVAILABLE	\N	2025-10-07 17:49:10.98	2025-10-07 17:49:10.98	5	0701-0723-0132	10	6360e9af-8504-4043-af74-56fd3a60f943	f	\N	gdansk
0df43a44-b913-4671-a832-b1c89e720628	MATERIAL	ODG.HERM. 1/8 PCT-HDCA DC-158B 1,2GHz	\N	\N	3	PIECE	58.14	AVAILABLE	\N	2025-10-07 17:49:10.985	2025-10-07 17:49:10.985	5	0701-0723-0133	10	7f8ffb76-f03c-40ba-b937-02a84f673aa7	f	\N	gdansk
f45cb492-bb8e-4a01-91fb-543904025919	MATERIAL	OSŁONA SPAWU 45mm/2,4mm	\N	\N	242	PIECE	0.11	AVAILABLE	\N	2025-10-07 17:49:10.991	2025-10-07 17:49:10.991	5	0701-0130-0015	10	8bd792e8-651e-498e-95d6-9069ea327e70	f	\N	gdansk
6d12ff9f-a0ad-4345-91ca-825aa3d18bc4	MATERIAL	PATCHCORD SC/APC-SC/APC SIMPL 1,5mb	\N	\N	24	PIECE	3.52	AVAILABLE	\N	2025-10-07 17:49:10.997	2025-10-07 17:49:10.997	5	0701-0136-0013	10	a9f874d3-c311-493a-8bba-5f3816fa9391	f	\N	gdansk
81d417b0-c64e-477a-a3d9-88563b4137dd	MATERIAL	PATCHCORD SC-APC/SC-APC SIMPLEX 15m biały B3ND	\N	\N	10	PIECE	7.5	AVAILABLE	\N	2025-10-07 17:49:11.002	2025-10-07 17:49:11.002	5	0701-0136-0382	10	ed85ed6c-5b95-41bd-8466-ec3a18000450	f	\N	gdansk
04cc3408-f26e-4a16-9cd2-7fdcb6f19b45	MATERIAL	PATCHCORD SC-APC/SC-APC SIMPLEX 25m biały B3ND	\N	\N	48	PIECE	11.25	AVAILABLE	\N	2025-10-07 17:49:11.008	2025-10-07 17:49:11.008	5	0701-0136-0384	10	2e8f06c6-135e-4920-9b6a-b8326fad3cff	f	\N	gdansk
1baf4b18-4e8b-41ff-afd0-6a5baf960239	MATERIAL	PATCHCORD SC-APC/SC-APC SIMPLEX 30m biały B3ND	\N	\N	4	PIECE	12.17	AVAILABLE	\N	2025-10-07 17:49:11.013	2025-10-07 17:49:11.013	5	0701-0136-0385	10	a3c7e67c-86aa-4990-87ca-fc981c5d8fc2	f	\N	gdansk
32941e7a-988d-4493-a520-f68bfa6294ea	MATERIAL	PATCHCORD SC-APC/SC-APC SIMPLEX 35m biały B3ND	\N	\N	50	PIECE	14.21	AVAILABLE	\N	2025-10-07 17:49:11.02	2025-10-07 17:49:11.02	5	0701-0136-0386	10	e71efac1-deda-4743-9a20-4db10706c098	f	\N	gdansk
2043a6fd-9d3a-435e-aad6-6b9e7e9114cc	MATERIAL	PATCHCORD SC-APC/SC-APC SIMPLEX 40m biały B3ND	\N	\N	25	PIECE	15.78	AVAILABLE	\N	2025-10-07 17:49:11.025	2025-10-07 17:49:11.025	5	0701-0136-0387	10	5a03638f-b26b-4a96-b49c-6a882c892357	f	\N	gdansk
b8bdf838-fadb-40d1-affe-407a4096ae54	MATERIAL	Przełącznica hermetyczna OPBOX-TT-48SCSX-TW-2x24-N-SPL-N	\N	\N	1	PIECE	450	AVAILABLE	\N	2025-10-07 17:49:11.03	2025-10-07 17:49:11.03	5	0701-0133-0212	10	7e41929f-3b2e-48ac-85d1-7f8d2375eb9d	f	\N	gdansk
37ddfeb9-1702-4c30-b352-0dd7a5a3018e	MATERIAL	PUSZKA ELEKTRYCZNA 60mm P/T	\N	\N	10	PIECE	0.28	AVAILABLE	\N	2025-10-07 17:49:11.035	2025-10-07 17:49:11.035	5	0701-0625-0005	10	e4944ab6-4850-4f5f-8846-8992c203d1e4	f	\N	gdansk
d16cdb45-cbc0-43b1-b22d-9131a53f6f0a	MATERIAL	PUSZKA ELEKTRYCZNA 60mm P/T głęboka	\N	\N	10	PIECE	0.36	AVAILABLE	\N	2025-10-07 17:49:11.041	2025-10-07 17:49:11.041	5	0701-0625-0139	10	32459afe-5c28-4397-ba1f-09220c96cc83	f	\N	gdansk
19ba71f6-fec9-4a13-8d8d-e9e0a714cb38	MATERIAL	PUSZKA PK-8 196/196/93 PCV	\N	\N	3	PIECE	21.23	AVAILABLE	\N	2025-10-07 17:49:11.046	2025-10-07 17:49:11.046	5	0701-0713-0060	10	ae80facb-82e1-4f49-85db-6dd2de8390ec	f	\N	gdansk
55926357-add9-498c-a766-c14eac7a7018	MATERIAL	PUSZKA PK-9 303/213/125 n/t	\N	\N	5	PIECE	29.27	AVAILABLE	\N	2025-10-07 17:49:11.052	2025-10-07 17:49:11.052	5	0701-0713-0129	10	b7217203-0776-4578-b1c4-de1ba9f5a459	f	\N	gdansk
17fb9f39-f153-41ba-859d-e680e29ebb89	MATERIAL	ROZG.*4 RSS-DATA 4F 1.2GHz SYM.BUD.ZAMEL	\N	\N	201	PIECE	9.11	AVAILABLE	\N	2025-10-07 17:49:11.057	2025-10-07 17:49:11.057	5	0701-0719-0106	10	4ddbbef4-f705-4656-8c0b-e3f1d032c91c	f	\N	gdansk
9c785c80-4d7c-4ecf-9483-0ddb4ecfd568	MATERIAL	ROZG.*8 RV/FS/DSV/PCT SYM.BUD.	\N	\N	51	PIECE	10.47	AVAILABLE	\N	2025-10-07 17:49:11.062	2025-10-07 17:49:11.062	5	0701-0723-0072	10	c3f8ac93-a4e1-47b4-ab29-0a9b406d9290	f	\N	gdansk
72a071a7-1fc4-4d36-82cd-3efc5fccb9cf	MATERIAL	ROZG.*8, 3DSV8 1,2 GHz	\N	\N	195	PIECE	30.63	AVAILABLE	\N	2025-10-07 17:49:11.068	2025-10-07 17:49:11.068	5	0701-0723-0125	10	6404a616-05b4-4aaa-8be1-125a615a75be	f	\N	gdansk
a4ccd1e5-9f49-4536-a751-6749cd6e2f7f	MATERIAL	ROZG.HERM.NIESYMETRYCZNY 1x3 PCT-HSPA-3U15B, 1,2GHz  3SP-3U-SA	\N	\N	3	PIECE	89.16	AVAILABLE	\N	2025-10-07 17:49:11.073	2025-10-07 17:49:11.073	5	0701-0723-0130	10	54e43e14-efff-44d9-a6f3-03624ebe6af5	f	\N	gdansk
b6c8641c-a674-445b-b76b-66884e6b3fc5	MATERIAL	SKRZYNKA 300 + PRĘT RURA WITMOR	\N	\N	3	PIECE	58.2	AVAILABLE	\N	2025-10-07 17:55:36.924	2025-10-07 17:55:36.924	5	0701-0705-0003	10	0b0d280f-aeee-4bc3-94f4-403c1e93178e	f	\N	gdansk
40181763-ac19-4a1d-9b99-8eadd123ae73	MATERIAL	SKRZYNKA 400 + PRĘT RURA WITMOR	\N	\N	1	PIECE	90.1	AVAILABLE	\N	2025-10-07 17:55:36.935	2025-10-07 17:55:36.935	5	0701-0705-0001	10	18306678-0c9e-4f59-aee1-bf41f23c95e7	f	\N	gdansk
9650a8ad-1dca-41de-bf79-1db79fac46e7	MATERIAL	SPL 1x12 OFIBER STEEL BOX SC APC 1m (wyj 2m 250um)	\N	\N	5	PIECE	35.51	AVAILABLE	\N	2025-10-07 17:55:36.943	2025-10-07 17:55:36.943	5	0702-0524-0438	10	6a721337-8cdf-426c-bada-ce2d0a59af29	f	\N	gdansk
7cbeca6a-0a36-4477-a6b5-a2e802a974dd	MATERIAL	SPL 1x16  OFIBER ABS  SC APC, 2.0mm, 1m	\N	\N	17	PIECE	33.16	AVAILABLE	\N	2025-10-07 17:55:36.951	2025-10-07 17:55:36.951	5	0702-0524-0452	10	f0a0c0a1-92ea-4914-ad6c-5ba2a9c18bf5	f	\N	gdansk
77bbc6a8-ccb6-43d5-b157-6afd914b7724	MATERIAL	SPL 1x16  OFIBER STEEL BOX SC APC 1m	\N	\N	5	PIECE	30.67	AVAILABLE	\N	2025-10-07 17:55:36.959	2025-10-07 17:55:36.959	5	0702-0524-0451	10	028c7fc3-7b9a-4f67-88d5-b62d01d98c2d	f	\N	gdansk
4d75a395-37c3-4d00-82cb-f71efde10069	MATERIAL	SPL 1x2  OFIBER STEEL BOX SC APC 1m	\N	\N	4	PIECE	8.92	AVAILABLE	\N	2025-10-07 17:55:36.964	2025-10-07 17:55:36.964	5	0702-0524-0450	10	510a9771-bb01-464c-9121-17cf4f0fda02	f	\N	gdansk
a1769529-a562-4327-8fbb-4c9a68c618d7	MATERIAL	SPL 1x32  OFIBER STEEL BOX SC APC 1m	\N	\N	5	PIECE	56.03	AVAILABLE	\N	2025-10-07 17:55:36.971	2025-10-07 17:55:36.971	5	0702-0524-0449	10	fd957885-17d7-4f35-9c19-74b2134cdba6	f	\N	gdansk
0a9a61d9-a516-447f-8f0f-14215b514121	MATERIAL	SPL 1x4   OFIBER STEEL BOX SC APC 1m	\N	\N	4	PIECE	10.8	AVAILABLE	\N	2025-10-07 17:55:36.976	2025-10-07 17:55:36.976	5	0702-0524-0448	10	0a50c1c0-1add-4919-b909-4da21392986a	f	\N	gdansk
448a2bac-2653-4c11-8512-b2ab4b1be12e	MATERIAL	SPL 1x64   OFIBER STEEL BOX SC APC 1m	\N	\N	5	PIECE	125.99	AVAILABLE	\N	2025-10-07 17:55:36.981	2025-10-07 17:55:36.981	5	0702-0524-0447	10	c8e25cdb-6078-456a-93af-b64d47a282da	f	\N	gdansk
0663102f-33d1-44b5-bef1-cc292197711f	MATERIAL	SPL 1x8 OFIBER STEEL BOX SC APC 1m	\N	\N	3	PIECE	14.65	AVAILABLE	\N	2025-10-07 17:55:36.986	2025-10-07 17:55:36.986	5	0702-0524-0446	10	64439fe1-9e8d-4ae5-94c7-68143440cff1	f	\N	gdansk
8ebb0aef-b6d4-48f0-87e0-eb1777566623	MATERIAL	SPLITTER  SM - ABS 1x8 SYM SC/APC 1m	\N	\N	114	PIECE	19.92	AVAILABLE	\N	2025-10-07 17:55:36.992	2025-10-07 17:55:36.992	5	0702-0524-0466	10	f7d5f674-a956-450f-9f84-381ae1967513	f	\N	gdansk
cd54ff76-3800-4a97-9ece-e06b297f2302	MATERIAL	SPLITTER 1x32 ABS PLC 1m SC/APC do 1UHD	\N	\N	1	PIECE	94.7	AVAILABLE	\N	2025-10-07 17:55:36.997	2025-10-07 17:55:36.997	5	0702-0524-0198	10	f99d7ac5-d04c-41de-a456-15e3a853bf80	f	\N	gdansk
7d945dce-e721-40d9-961e-00d9cd10e7a3	MATERIAL	SPLITTER SM - ABS 1x4 SYM SC/APC	\N	\N	113	PIECE	15.96	AVAILABLE	\N	2025-10-07 17:55:37.003	2025-10-07 17:55:37.003	5	0702-0524-0402	10	f9f75f3f-675a-42d5-b62b-70cdb9f650b8	f	\N	gdansk
b0ee326c-9de0-4690-a5f8-9e6d1f31c17f	MATERIAL	SPLITTER SM - LGX 1x2 50/50 SC/APC	\N	\N	1	PIECE	91.45	AVAILABLE	\N	2025-10-07 17:55:37.008	2025-10-07 17:55:37.008	5	0702-0524-0400	10	cc3b81ef-a8b5-41bc-ae53-d6fe38c29bbb	f	\N	gdansk
591d9edf-45f6-42ab-aa5f-2406842427d0	MATERIAL	SPLITTER SM - LGX 1x8 SYM. SC/APC	\N	\N	47	PIECE	22.06	AVAILABLE	\N	2025-10-07 17:55:37.014	2025-10-07 17:55:37.014	5	0702-0524-0404	10	f802bba0-ac8e-47bb-9a5a-c7d229da1a71	f	\N	gdansk
c94f1ce0-112c-4565-b25a-064de10de85a	MATERIAL	SPLITTER SM-ABS 1x2 SYM. SC/APC	\N	\N	51	PIECE	13.96	AVAILABLE	\N	2025-10-07 17:55:37.02	2025-10-07 17:55:37.02	5	0702-0524-0406	10	ce3fae67-59ed-499e-8160-dfc837fdab89	f	\N	gdansk
ae4aa307-717b-4d9e-ba22-4e0edf31475f	MATERIAL	SPLITTER SPL-ABS-4x4-SCAPC	\N	\N	50	PIECE	38.47	AVAILABLE	\N	2025-10-07 17:55:37.026	2025-10-07 17:55:37.026	5	0702-0524-0119	10	3b0e54bd-5c30-4f60-9867-e81d5c4c0de6	f	\N	gdansk
9a30c87f-5a1d-432c-beea-e5757c4b52b6	MATERIAL	SPLITTER SPL-ABS-8x8-SCAPC	\N	\N	42	PIECE	86.73	AVAILABLE	\N	2025-10-07 17:55:37.032	2025-10-07 17:55:37.032	5	0702-0524-0084	10	be6e81f8-4181-482a-874f-2f320135d528	f	\N	gdansk
1fa2b19f-b9bb-489d-91bf-7e93d5b1a30b	MATERIAL	SZAFA ZK-1 B/DNA 450x600x250/0,11m2	\N	\N	1	PIECE	196	AVAILABLE	\N	2025-10-07 18:01:56.081	2025-10-07 18:01:56.081	5	0701-1006-0002	10	0334c77e-c090-491e-891e-f0aa846ef6e5	f	\N	gdansk
ddca5d55-df39-4c2b-886b-9ffb98198bf1	MATERIAL	SZAFKA OFIBER MBI-12DZ, 12SC SIMPLEX	\N	\N	10	PIECE	48.99	AVAILABLE	\N	2025-10-07 18:01:56.091	2025-10-07 18:01:56.091	5	0701-0133-0230	10	192f1b51-4be4-45b9-a103-58eebb9425bc	f	\N	gdansk
eff31a1f-886c-4bac-abe5-d68579940ee4	MATERIAL	SZAFKA OFIBER MBI-24, 24SC SIMPLEX	\N	\N	10	PIECE	79.61	AVAILABLE	\N	2025-10-07 18:01:56.098	2025-10-07 18:01:56.098	5	0701-0133-0229	10	8f6dcf73-cae7-42a1-a173-e2a052926056	f	\N	gdansk
89a46760-42b0-4ae5-b331-750a09dab03d	MATERIAL	TAŚMA RZEPOWA 15/16mm	\N	\N	3	METER	140	AVAILABLE	\N	2025-10-07 18:01:56.104	2025-10-07 18:01:56.104	5	0701-0713-0201	10	3cbba09f-87cb-4411-91d4-83db1f2b0d67	f	\N	gdansk
c82f27d2-fd66-4a68-ab3c-b7bc5d45ab19	MATERIAL	Termostat KTS-1141 da szaf ZPAS	\N	\N	1	PIECE	32.05	AVAILABLE	\N	2025-10-07 18:01:56.11	2025-10-07 18:01:56.11	5	0702-1407-0393	10	1643b844-c57d-4a4b-b1e4-4339aba3283c	f	\N	gdansk
b63b5ea8-79af-464c-b4f7-2800349a5a53	MATERIAL	TŁUMIK AFM-16A NIEREGULOWANY	\N	\N	293	PIECE	2.75	AVAILABLE	\N	2025-10-07 18:01:56.118	2025-10-07 18:01:56.118	5	0702-1430-0009	10	f81f26e2-5ca1-4971-9472-ed9f4a8d7260	f	\N	gdansk
81e799f7-6447-44ba-a2c4-59ee39462874	MATERIAL	TŁUMIK AFM-20A NIEREGULOWANY	\N	\N	98	PIECE	2.75	AVAILABLE	\N	2025-10-07 18:01:56.124	2025-10-07 18:01:56.124	5	0702-1430-0012	10	c2bdff84-77f5-4487-a2b4-da4a9ea0f862	f	\N	gdansk
df7ab514-203c-406f-bcc4-290488ed6d17	MATERIAL	Tłumik nieregulowany LATT 10dB, FM/FF, 5-3000MHz	\N	\N	61	PIECE	2.26	AVAILABLE	\N	2025-10-07 18:01:56.128	2025-10-07 18:01:56.128	5	0702-1430-0372	10	abe78c14-5e79-429e-8fbc-b80a4f911b3b	f	\N	gdansk
5fa526e5-fb73-4025-aa0c-ab55b433c781	MATERIAL	Tłumik nieregulowany LATT 12dB, FM/FF, 5-3000MHz	\N	\N	61	PIECE	2.26	AVAILABLE	\N	2025-10-07 18:01:56.133	2025-10-07 18:01:56.133	5	0702-1430-0373	10	0048fe49-c276-44f1-ac45-bd58cf7512dc	f	\N	gdansk
9b1eb2c4-9cd1-4e63-87d3-186042038bdd	MATERIAL	Tłumik nieregulowany LATT 16dB, FM/FF, 5-3000MHz	\N	\N	45	PIECE	2.38	AVAILABLE	\N	2025-10-07 18:01:56.138	2025-10-07 18:01:56.138	5	0702-1430-0374	10	d013488a-ad3d-47c2-afca-4e7f118db993	f	\N	gdansk
f02d5464-6092-4d9a-8250-607d427c6dd0	MATERIAL	Tłumik nieregulowany LATT 20dB, FM/FF, 5-3000MHz	\N	\N	91	PIECE	2.38	AVAILABLE	\N	2025-10-07 18:01:56.144	2025-10-07 18:01:56.144	5	0702-1430-0375	10	84d1cfa5-db37-4e58-a1ef-ceaae03ad43a	f	\N	gdansk
f94ae79c-7993-4675-b757-5ae656f5aad4	MATERIAL	Tłumik nieregulowany LATT 2dB, FM/FF, 5-3000MHz	\N	\N	219	PIECE	2.32	AVAILABLE	\N	2025-10-07 18:01:56.15	2025-10-07 18:01:56.15	5	0702-1430-0367	10	489d08f7-ae98-4899-9752-6f70265fd7e0	f	\N	gdansk
529f67b7-aaf8-427e-85b0-3bf845ca6f16	MATERIAL	Tłumik nieregulowany LATT 3dB, FM/FF, 5-3000MHz	\N	\N	159	PIECE	2.32	AVAILABLE	\N	2025-10-07 18:01:56.155	2025-10-07 18:01:56.155	5	0702-1430-0368	10	ac8e5265-03c2-46fc-b26b-159c0ae17ee1	f	\N	gdansk
77323607-d183-440e-b8db-df3830234c3b	MATERIAL	Tłumik nieregulowany LATT 4dB, FM/FF, 5-3000MHz	\N	\N	167	PIECE	2.32	AVAILABLE	\N	2025-10-07 18:01:56.16	2025-10-07 18:01:56.16	5	0702-1430-0369	10	d001b160-6900-401d-8a4c-68741cd22ccb	f	\N	gdansk
2c92a516-5e94-47e2-8e23-5c4ca003110b	MATERIAL	Tłumik nieregulowany LATT 6dB, FM/FF, 5-3000MHz	\N	\N	67	PIECE	2.32	AVAILABLE	\N	2025-10-07 18:01:56.166	2025-10-07 18:01:56.166	5	0702-1430-0370	10	a69348a2-e09e-4ee0-bc9b-9e5dd10fdb7d	f	\N	gdansk
4515d70c-a987-4702-8411-f9e75514fe5d	MATERIAL	Tłumik nieregulowany LRPA 12dB, FM/FF, 5-85MHz	\N	\N	10	PIECE	5.69	AVAILABLE	\N	2025-10-07 18:01:56.172	2025-10-07 18:01:56.172	5	0702-1430-0379	10	66212928-060d-4aa1-a51f-9ae19cceba66	f	\N	gdansk
914cd47d-5cf8-4bc9-bd3d-bada9ffc93a9	MATERIAL	Tłumik nieregulowany LRPA 3dB, FM/FF, 5-85MHz	\N	\N	79	PIECE	5.69	AVAILABLE	\N	2025-10-07 18:01:56.178	2025-10-07 18:01:56.178	5	0702-1430-0376	10	798de20d-b251-4d5b-8774-f56b8aeda7bd	f	\N	gdansk
255f2d50-3ce7-4bd0-b280-26cb521984e5	MATERIAL	Tłumik nieregulowany LRPA 6dB, FM/FF, 5-85MHz	\N	\N	125	PIECE	5.69	AVAILABLE	\N	2025-10-07 18:01:56.183	2025-10-07 18:01:56.183	5	0702-1430-0377	10	0831a2a5-992b-4e52-9c3f-091248dafa1a	f	\N	gdansk
8f958f75-e909-4f1a-857c-bb3f65fe62a6	MATERIAL	Tłumik nieregulowany LRPA 9dB, FM/FF, 5-85MHz	\N	\N	277	PIECE	5.69	AVAILABLE	\N	2025-10-07 18:01:56.19	2025-10-07 18:01:56.19	5	0702-1430-0378	10	5d618f63-dcb7-4a35-bc2b-c4794094e453	f	\N	gdansk
add506c2-2ba3-4e3d-9b49-db99030ec203	MATERIAL	Uchwyt do styropianu OS-1	\N	\N	63	PIECE	0.04	AVAILABLE	\N	2025-10-07 18:01:56.196	2025-10-07 18:01:56.196	5	0701-0713-0225	10	f0666e72-c961-4319-8ad9-2c34cf6611e6	f	\N	gdansk
dc2e9f6e-c245-4d88-898c-c39d8f7737cc	MATERIAL	KABEL BUD.RG-6063 TC-6/305mb	\N	\N	14847	METER	0.48	AVAILABLE	\N	2025-10-07 17:49:10.834	2025-10-08 13:24:24.739	5	0701-0720-0001	10	5a77a447-001c-4e00-a196-b9bbc097eb84	f	\N	gdansk
e76fa251-ae10-43a2-8468-376207f60fd8	MATERIAL	KABEL BUD.RG-6063 TC-6/305mb	\N	\N	10	METER	0.48	ASSIGNED	695e0830-b7e0-4a17-ab6f-8cd5706f979b	2025-10-08 13:24:24.743	2025-10-08 13:24:24.743	5	0701-0720-0001	10	5a77a447-001c-4e00-a196-b9bbc097eb84	f	\N	gdansk
37b56ae1-72a8-4e95-b506-96c0300c9df6	MATERIAL	WKŁ. AC6113 (TAP 2/8,5), TELESTE	\N	\N	19	PIECE	33.23	AVAILABLE	\N	2025-10-08 15:40:59.599	2025-10-08 15:40:59.599	5	0701-0234-0240	10	98d8f034-99cc-4e13-abfc-668072be2043	f	\N	gdansk
72e8f39d-1393-4236-93bd-908e6fa118ea	MATERIAL	WKŁ. AC6114 (TAP 2/12), TELESTE	\N	\N	35	PIECE	44.93	AVAILABLE	\N	2025-10-08 15:40:59.612	2025-10-08 15:40:59.612	5	0701-0234-0241	10	7b359fd2-4d26-48b4-a494-de06e4c113de	f	\N	gdansk
866fd83a-b715-4a2f-a94a-9dfbc792f7c0	MATERIAL	WKŁ. AC6115 (TAP 1/16), TELESTE	\N	\N	31	PIECE	45.49	AVAILABLE	\N	2025-10-08 15:40:59.619	2025-10-08 15:40:59.619	5	0701-0234-0242	10	c421201d-d96f-495d-956c-26a8179f614f	f	\N	gdansk
9de6a82e-0f25-47fe-944b-a70dff35d950	MATERIAL	WKŁ. AC6120 (JUMPER), TELESTE	\N	\N	17	PIECE	23.54	AVAILABLE	\N	2025-10-08 15:40:59.625	2025-10-08 15:40:59.625	5	0701-0234-0238	10	7f392c59-dde2-43e0-b2f3-0d194042a633	f	\N	gdansk
b69d7820-311a-4376-8d9c-8c9b1314a8a0	MATERIAL	WKŁ. AC6124 (2-Way Splitter), TELESTE	\N	\N	39	PIECE	44.93	AVAILABLE	\N	2025-10-08 15:40:59.632	2025-10-08 15:40:59.632	5	0701-0234-0239	10	b0402298-da54-4b74-af1f-51c3e20d201a	f	\N	gdansk
99fb713a-7b33-4b4f-afdb-b5a7c4c42daa	MATERIAL	WKŁ. EQI-6/1GHz TELKOM	\N	\N	16	PIECE	7.45	AVAILABLE	\N	2025-10-08 15:40:59.638	2025-10-08 15:40:59.638	5	0701-0934-0120	10	ca994037-4a30-4285-a034-5c6759209445	f	\N	gdansk
38a86839-5e57-42dd-9016-cbae5e2166d8	MATERIAL	WKŁ. EQI-9/1GHz TELKOM	\N	\N	18	PIECE	7.45	AVAILABLE	\N	2025-10-08 15:40:59.644	2025-10-08 15:40:59.644	5	0701-0934-0118	10	b005d6b1-44c3-4228-9875-49580541e5b1	f	\N	gdansk
823c3391-94cd-42df-87a3-24791b3ffc8c	MATERIAL	Wkł. wej. AM 301-08A, 1-way tap, do wzm. mag. DELTA	\N	\N	4	PIECE	61.34	AVAILABLE	\N	2025-10-08 15:40:59.649	2025-10-08 15:40:59.649	5	0701-0934-0125	10	9718dd9f-1dd8-42f8-be4b-4f0d48e0c4a0	f	\N	gdansk
6225bfe6-00a0-4e88-ab89-fb658fd9ae1d	MATERIAL	Wkł. wej. AM 301-08B, 1-way tap, do wzm. mag. DELTA	\N	\N	5	PIECE	61.34	AVAILABLE	\N	2025-10-08 15:40:59.656	2025-10-08 15:40:59.656	5	0701-0934-0126	10	b63a1e24-cd93-4aa1-b2bb-ed5ff53f296d	f	\N	gdansk
656a5e13-6bc6-4b8d-9710-4dccc41abb3b	MATERIAL	Wkł. wej. AM 301-10A, 1-way tap, do wzm. mag. DELTA	\N	\N	5	PIECE	61.34	AVAILABLE	\N	2025-10-08 15:40:59.662	2025-10-08 15:40:59.662	5	0701-0934-0127	10	652dbd7f-1afe-4e72-a3e1-31e217617d86	f	\N	gdansk
5f2bea8b-5288-4ff1-a990-5306571352ed	MATERIAL	Wkł. wej. AM 301-10B, 1-way tap, do wzm. mag. DELTA	\N	\N	5	PIECE	61.34	AVAILABLE	\N	2025-10-08 15:40:59.668	2025-10-08 15:40:59.668	5	0701-0934-0128	10	0412cb8a-4b15-4d83-ac93-406f21e4854f	f	\N	gdansk
7422f889-8e60-4a05-b2b2-a85f683c6315	MATERIAL	Wkł. wej. AM 301-14A, 1-way tap, do wzm. mag. DELTA	\N	\N	5	PIECE	61.34	AVAILABLE	\N	2025-10-08 15:40:59.673	2025-10-08 15:40:59.673	5	0701-0934-0129	10	a9845e5e-5443-450c-92f2-e7d4360f313f	f	\N	gdansk
e9be7ffb-297b-434e-8ac2-dbad3a1c6d77	MATERIAL	Wkł. wej. AM 301-14B, 1-way tap, do wzm. mag. DELTA	\N	\N	5	PIECE	61.34	AVAILABLE	\N	2025-10-08 15:40:59.679	2025-10-08 15:40:59.679	5	0701-0934-0130	10	63443ab4-cb24-44b3-8c04-017a66eb9562	f	\N	gdansk
cd88dd2a-f849-4bd6-a85a-57e0d8ad86e1	MATERIAL	Wkł. wej. VM 302, 2-way splitter, do wzm. mag. DELTA	\N	\N	31	PIECE	63.46	AVAILABLE	\N	2025-10-08 15:40:59.684	2025-10-08 15:40:59.684	5	0701-0934-0124	10	832b007f-2fd9-4040-a733-8d310af704cd	f	\N	gdansk
1d71c44e-b6dc-4280-8544-57b062877e31	MATERIAL	WKŁ.75130.106587 F. DIPLEX FOR EGC	\N	\N	2	PIECE	28.84	AVAILABLE	\N	2025-10-08 15:40:59.69	2025-10-08 15:40:59.69	5	0701-0234-0073	10	2f4bc889-6d67-46ef-a00f-8a182458cef6	f	\N	gdansk
a88f0aac-9099-4d8e-ada9-e59e912f69ae	MATERIAL	WKŁ.A77041.10 3.5/3.5dB ROZ WYJ	\N	\N	7	PIECE	12.98	AVAILABLE	\N	2025-10-08 15:40:59.696	2025-10-08 15:40:59.696	5	0701-0934-0031	10	9c33d565-95ae-428f-802d-bc85c71a4d12	f	\N	gdansk
da811f6e-f834-4825-a89c-1e011b174920	MATERIAL	WKŁ.A77042.10 2.0/6.0 dB ROZ WYJ	\N	\N	3	PIECE	12.66	AVAILABLE	\N	2025-10-08 15:40:59.701	2025-10-08 15:40:59.701	5	0701-0934-0043	10	8053be1e-14c6-4be7-ba00-5a40e1b03a8b	f	\N	gdansk
a54b2108-f26e-4d33-ab68-466b0722420a	MATERIAL	WKŁ.CXD065 do CX3, DF 65/85 MHz, Teleste	\N	\N	85	PIECE	29.04	AVAILABLE	\N	2025-10-08 15:40:59.706	2025-10-08 15:40:59.706	5	0701-0434-0136	10	f67e4747-c8a6-4adf-ab34-e43a3f77765e	f	\N	gdansk
1fe561bc-d431-4aa1-8c7b-ba733023e7b0	MATERIAL	WKŁ.CXM1 do CX3, Zwora 0dB, Teleste	\N	\N	20	PIECE	27.26	AVAILABLE	\N	2025-10-08 15:40:59.711	2025-10-08 15:40:59.711	5	0701-0434-0139	10	d734ccc6-ac4e-45cf-b285-31533d030914	f	\N	gdansk
f3bde472-1519-4e77-9356-c110825f5bbd	MATERIAL	WKŁ.EQ 1218 ET KOREKTOR VECTOR	\N	\N	22	PIECE	30.85	AVAILABLE	\N	2025-10-08 15:40:59.716	2025-10-08 15:40:59.716	5	0701-0434-0129	10	a407a79a-7e7f-4b8c-b042-4378236b268f	f	\N	gdansk
97187d99-b551-4d66-8f02-31de7764cc4d	MATERIAL	WKŁ.EQ 2115G AURORA BSE1041	\N	\N	2	PIECE	26.48	AVAILABLE	\N	2025-10-08 15:40:59.721	2025-10-08 15:40:59.721	5	0701-0234-0225	10	779a8091-904b-43dc-90aa-2ce3b2f8f3cb	f	\N	gdansk
5d4ac58a-b965-48b4-b7e6-1d59029e145b	MATERIAL	WKŁ.EQ 2118G AURORA BSE1044	\N	\N	2	PIECE	26.48	AVAILABLE	\N	2025-10-08 15:40:59.727	2025-10-08 15:40:59.727	5	0701-0234-0228	10	f49c7464-fe03-44a0-bc49-4d045f9b936a	f	\N	gdansk
259c71fa-8b2d-4284-aaa3-10228008c46e	MATERIAL	WKŁ.EQA-65 AKT.KOR.K.Z.TELKOM	\N	\N	3	PIECE	12.51	AVAILABLE	\N	2025-10-08 15:46:38.53	2025-10-08 15:46:38.53	5	0701-0934-0022	10	7ce84605-f73c-4d98-9243-b058ffa817a8	f	\N	gdansk
573565d0-7b3e-47f0-8143-2481f65e72a7	MATERIAL	WKŁ.EQA-65 AKT.KOR.K.Z.TELKOM	\N	\N	8	PIECE	12.51	AVAILABLE	\N	2025-10-08 15:46:38.54	2025-10-08 15:46:38.54	5	0701-0934-0022	10	7ce84605-f73c-4d98-9243-b058ffa817a8	f	\N	gdansk
8d8ecaee-1575-49ca-966d-0a9043ed159e	MATERIAL	WKŁ.EQI-12/1GHz TELKOM	\N	\N	15	PIECE	7.33	AVAILABLE	\N	2025-10-08 15:46:38.547	2025-10-08 15:46:38.547	5	0701-0934-0119	10	239ea368-8fd3-441d-8b3e-0ecbfcb7ebe4	f	\N	gdansk
350c2291-049d-4160-b07b-e783dfe597ed	MATERIAL	WKŁ.EQI-3/1 TELKOM 1GHz	\N	\N	13	PIECE	7.33	AVAILABLE	\N	2025-10-08 15:46:38.554	2025-10-08 15:46:38.554	5	0701-0934-0123	10	35ea3c0e-8383-48ac-b041-c5ae83e4d67d	f	\N	gdansk
b2344cf0-2bb6-487e-9d55-bc6aa9e3f98f	MATERIAL	WKŁ.FPA-17 FILTR DOLNOZAP.TELKOM	\N	\N	2	PIECE	8.5	AVAILABLE	\N	2025-10-08 15:46:38.561	2025-10-08 15:46:38.561	5	0701-0934-0020	10	fb6b1f5b-d23e-469c-bec7-ba21ffcaa9bb	f	\N	gdansk
6faac0ee-c92c-4afb-9c66-b00e5d166a9e	MATERIAL	WKŁ.JUMPER JP 0 T VECTOR	\N	\N	56	PIECE	2.98	AVAILABLE	\N	2025-10-08 15:46:38.567	2025-10-08 15:46:38.567	5	0701-0434-0127	10	6e03e1b3-0d29-442f-8841-019cee351d9f	f	\N	gdansk
b562adf1-d175-4918-9394-c0d3ab8d9f55	MATERIAL	WKŁ.SPLITT.SP2000-8 AURORA	\N	\N	10	PIECE	131.87	AVAILABLE	\N	2025-10-08 15:46:38.574	2025-10-08 15:46:38.574	5	0701-0234-0231	10	a5a19b5e-cb75-4892-8672-1ffe33781c20	f	\N	gdansk
9ebd51f3-e1a6-4442-93fb-167e570dacad	MATERIAL	WKŁ.STI-3.5 TELKOM	\N	\N	16	PIECE	8.45	AVAILABLE	\N	2025-10-08 15:46:38.58	2025-10-08 15:46:38.58	5	0701-0934-0035	10	e4841b1e-ebbf-4426-8ea4-77e752ed355f	f	\N	gdansk
9e7a5446-f907-4a07-a84b-3bd593918132	MATERIAL	WKŁ.TSI-1/12 ODGAŁĘŹNIK TELKOM	\N	\N	6	PIECE	8.45	AVAILABLE	\N	2025-10-08 15:46:38.586	2025-10-08 15:46:38.586	5	0701-0934-0046	10	f2ca3924-b0e4-4a4a-816a-3df15dfe6e8f	f	\N	gdansk
61c8d5dc-a34d-4422-99bc-ad583ccf57e5	MATERIAL	WKŁ.TSI-1/14 ODGAŁĘŹNIK TELKOM	\N	\N	11	PIECE	8.45	AVAILABLE	\N	2025-10-08 15:46:38.592	2025-10-08 15:46:38.592	5	0701-0934-0049	10	6bc6b36a-6d0d-4f77-9af3-b81817dd5d45	f	\N	gdansk
0b4aba5f-5fde-4e03-8420-601a1d083fdb	MATERIAL	WTYK RJ-45/8P WM8x8 INTERNET/100szt	\N	\N	260	PIECE	0.14	AVAILABLE	\N	2025-10-08 15:46:38.597	2025-10-08 15:46:38.597	5	0701-0702-0009	10	a5eaae16-1723-4094-91f1-96816f9befbd	f	\N	gdansk
7a2a01bb-d84f-4dd6-8e01-5f70a12cd511	MATERIAL	Wtyk telef 8P 8C TEL0004-1 RJ45	\N	\N	318	PIECE	0.22	AVAILABLE	\N	2025-10-08 15:46:38.604	2025-10-08 15:46:38.604	5	0701-0702-0044	10	96f374ef-1ab7-478a-9bee-4f4d670c7dc9	f	\N	gdansk
095e1e89-7979-4d6d-bab5-4f9b48021832	MATERIAL	ZACISKARKA CAT AS IEC/F-FX/HT-H548A1	\N	\N	17	PIECE	91.3	AVAILABLE	\N	2025-10-08 16:08:31.571	2025-10-08 16:08:31.571	5	0702-1432-0008	10	4719a0fb-8207-4bc1-b831-fc557459f831	f	\N	gdansk
5cae0961-572c-4722-89a8-579e9c08751f	MATERIAL	ZARABIACZ DO KABLA TX15 TXFF-QP	\N	\N	3	PIECE	323	AVAILABLE	\N	2025-10-08 16:08:31.58	2025-10-08 16:08:31.58	5	0702-1432-0092	10	ba19a66a-459a-46a0-8cca-cb3d1bff76ab	f	\N	gdansk
be86ea13-f3c9-4340-ac4b-ba2f26050000	MATERIAL	ZEST.USZCZ.GŁÓWNY TERMO OZKS160C	\N	\N	2	PIECE	63	AVAILABLE	\N	2025-10-08 16:08:31.586	2025-10-08 16:08:31.586	5	0701-0128-0044	10	1d41ba1d-c7bf-4b21-aad1-14b24cf61b13	f	\N	gdansk
229a3a6f-17f1-422a-b470-abe7afd571d4	MATERIAL	ZŁ. z PG11M na 5/8F (PIERŚCIEŃ-CIENKI)	\N	\N	52	PIECE	3.72	AVAILABLE	\N	2025-10-08 16:08:31.591	2025-10-08 16:08:31.591	5	0701-1002-0001	10	787d981b-370c-4ebf-b6ed-e4d21ef61063	f	\N	gdansk
96c3317f-df95-4cc4-af10-f7b4c28d4b3c	MATERIAL	ZŁ.5/8F-5/8F BECZKA	\N	\N	85	PIECE	13.41	AVAILABLE	\N	2025-10-08 16:08:31.596	2025-10-08 16:08:31.596	5	0701-1002-0005	10	f5846226-0ad9-441e-862e-46d4edb7567c	f	\N	gdansk
b3a54ac5-6d32-428c-a313-471a7b37e38c	MATERIAL	ZŁ.5/8M-AC Power Adaptor PAKSMSW	\N	\N	30	PIECE	30.42	AVAILABLE	\N	2025-10-08 16:08:31.602	2025-10-08 16:08:31.602	5	0701-0802-0041	10	1890d69b-a227-4b26-83cb-7c12f594f140	f	\N	gdansk
157d0d0e-14c4-4df0-a338-dd59e7524710	MATERIAL	ZŁ.5/8M-FF (1*PIN)	\N	\N	280	PIECE	7.37	AVAILABLE	\N	2025-10-08 16:08:31.608	2025-10-08 16:08:31.608	5	0701-0802-0006	10	8803270b-e325-495b-8546-975a35e254c2	f	\N	gdansk
eb0acda9-9b37-41a1-bb88-511ed886a48d	MATERIAL	ZŁ.5/8MU-309/D056-5/8M/COAX4(*PIN)	\N	\N	16	PIECE	34.84	AVAILABLE	\N	2025-10-08 16:08:31.614	2025-10-08 16:08:31.614	5	0701-0802-0004	10	b7cfa02b-8962-4d1a-af40-1428cb610515	f	\N	gdansk
3cb3a06a-99a3-42f5-8879-d91b78c77626	MATERIAL	ZŁ.5/8MU-427/TX-15  (S15 BVFQ FLEX)	\N	\N	118	PIECE	36.26	AVAILABLE	\N	2025-10-08 16:08:31.619	2025-10-08 16:08:31.619	5	0701-1002-0068	10	4554acee-1eee-47f9-8bdd-18421df1328c	f	\N	gdansk
aca2c94e-5688-4eaa-a398-315370982a8f	MATERIAL	ZŁ.5/8MU-46 31/47/CT-33 na COAX3	\N	\N	10	PIECE	70.3	AVAILABLE	\N	2025-10-08 16:08:31.624	2025-10-08 16:08:31.624	5	0701-1002-0010	10	8dd1caaa-3f55-4cb0-bf06-a9dcd2eb3462	f	\N	gdansk
42630388-1340-4bde-a4fb-7c0ed238a95e	MATERIAL	ZŁ.5/8MU-87TI/QR-860 (STAL.)	\N	\N	18	PIECE	74.42	AVAILABLE	\N	2025-10-08 16:08:31.629	2025-10-08 16:08:31.629	5	0701-1002-0012	10	8812564c-9df3-4a05-9d68-b57921681452	f	\N	gdansk
3fea3095-8766-455d-9456-3e4f855ca704	MATERIAL	ZŁ.5/8MU-C232/RG-11/COAX6(*PIN)	\N	\N	50	PIECE	25.64	AVAILABLE	\N	2025-10-08 16:08:31.634	2025-10-08 16:08:31.634	5	0701-0802-0005	10	5e80f856-1cb4-4985-871d-431baa921616	f	\N	gdansk
d602b351-e265-40a4-b32b-6df8f694c6fd	MATERIAL	ZŁ.5/8MU-C540TI(5/8MS)na QR-540	\N	\N	80	PIECE	50.53	AVAILABLE	\N	2025-10-08 16:08:31.639	2025-10-08 16:08:31.639	5	0701-1002-0002	10	3936e979-c626-4fa0-833e-4c2c48f3559b	f	\N	gdansk
e9da194d-6554-47f0-ab8a-6edbca242449	MATERIAL	ZŁ.EX F-11 COMPRES/RG-11	\N	\N	4588	PIECE	3.23	AVAILABLE	\N	2025-10-08 16:08:31.644	2025-10-08 16:08:31.644	5	0701-0802-0026	10	2e18183d-926f-4b1e-9115-7f72514fe869	f	\N	gdansk
923d061c-8379-4b51-867e-ef4aa952a94d	MATERIAL	ZŁ.EX F-60 XL COMPRES/RG-6,0 ERS-60	\N	\N	1985	PIECE	0.89	AVAILABLE	\N	2025-10-08 16:08:31.649	2025-10-08 16:08:31.649	5	0701-0702-0036	10	6d121279-b966-47b9-85d3-22ebfdbeea9e	f	\N	gdansk
cbe76918-1478-44f0-b573-5a57b0c1c468	MATERIAL	ZŁ.F-75/FF-20L/FTC75 (OPORNIK)	\N	\N	3104	PIECE	0.16	AVAILABLE	\N	2025-10-08 16:15:11.521	2025-10-08 16:15:11.521	5	0701-0702-0002	10	6fa17846-d946-49d3-ab6a-10725658f045	f	\N	gdansk
ecc4fd7c-d7de-4d73-bc20-925d731c180d	MATERIAL	ZŁ.F-81/FF-13L BECZKA ŻEŃSKA	\N	\N	3451	PIECE	0.18	AVAILABLE	\N	2025-10-08 16:15:11.531	2025-10-08 16:15:11.531	5	0701-0702-0004	10	b2d9e10b-73dd-4abf-8dd1-e0202a8be66b	f	\N	gdansk
8e1c0a36-121c-44f9-af38-b96fc457a222	MATERIAL	ZŁ.FM-427/TX-15 (S15 BVFQ FLEX)	\N	\N	45	PIECE	30.81	AVAILABLE	\N	2025-10-08 16:15:11.538	2025-10-08 16:15:11.538	5	0701-1002-0069	10	3f5e5f46-b50d-4c65-a8cb-268b94099cac	f	\N	gdansk
f299135d-75ab-48e9-a2e0-c1114bdad288	MATERIAL	ZŁ.FM-C540TI/75TI na QR540	\N	\N	3	PIECE	37.49	AVAILABLE	\N	2025-10-08 16:15:11.545	2025-10-08 16:15:11.545	5	0701-1002-0018	10	297459fe-50ed-4c99-808e-376a92cfe185	f	\N	gdansk
c5173b46-1466-4288-bfe1-8776d517971c	MATERIAL	ZŁ.PG11MU-32 (MU232) COAX6	\N	\N	23	PIECE	30.87	AVAILABLE	\N	2025-10-08 16:15:11.55	2025-10-08 16:15:11.55	5	0701-1002-0004	10	02d997ff-854b-4049-a83d-f2a28c55d354	f	\N	gdansk
a50136a2-98d6-4bd6-9a7f-e01951574187	MATERIAL	ZŁ.SP-44 (SP-427) na TX15	\N	\N	38	PIECE	54.78	AVAILABLE	\N	2025-10-08 16:15:11.556	2025-10-08 16:15:11.556	5	0701-1002-0072	10	0664d012-69ff-4774-87d6-9d2e0f7c3642	f	\N	gdansk
2686b4c1-e823-4bf7-b1ab-d49128108cc3	MATERIAL	ZŁ.SP-75TI (G052-SPL) na QR-540	\N	\N	34	PIECE	48.96	AVAILABLE	\N	2025-10-08 16:15:11.562	2025-10-08 16:15:11.562	5	0701-1002-0019	10	054d0f98-7b79-49b1-8efc-a7ae2cdcb5a1	f	\N	gdansk
ccdcdb78-f778-4439-8996-38a7fd4ac8e2	MATERIAL	ZŁ.WKG-506 ŻEŃ./RG-60 WKR.zielone FF-IEC F/90K	\N	\N	357	PIECE	2.75	AVAILABLE	\N	2025-10-08 16:15:11.567	2025-10-08 16:15:11.567	5	0701-0702-0006	10	0b6e3bd4-0fc1-4738-b9e0-f840d843de53	f	\N	gdansk
25829be9-25cb-43d9-bdd2-cca8bf4b07d4	MATERIAL	ZŁ.WKS-106 DO GMC-350/351 WKR.  ADAPTER SZYBKI	\N	\N	1094	PIECE	2.75	AVAILABLE	\N	2025-10-08 16:15:11.572	2025-10-08 16:15:11.572	5	0701-0702-0008	10	80b20a1c-2bd4-407c-8bff-f1ddd01eaded	f	\N	gdansk
1a3c195b-74e5-44a7-9556-e2b0a3c1ce43	MATERIAL	ZŁ.WKW-506 MĘS./RG-60 WKR.zielone FF-IEC M/90K	\N	\N	242	PIECE	1.62	AVAILABLE	\N	2025-10-08 16:15:11.577	2025-10-08 16:15:11.577	5	0701-0702-0005	10	b98ee487-9d7d-4558-9ca0-596b43c07376	f	\N	gdansk
29d268ec-2388-4eeb-bc85-86cb82da083b	MATERIAL	Zwrotnica Zasilająca 3LPI-RE	\N	\N	5	PIECE	89.16	AVAILABLE	\N	2025-10-08 16:15:11.582	2025-10-08 16:15:11.582	5	0701-0330-0032	10	5288b6df-5a12-4ff8-900c-9f382f696b0e	f	\N	gdansk
\.


--
-- Data for Name: LocationTransferLine; Type: TABLE DATA; Schema: public; Owner: huzzar_admin
--

COPY public."LocationTransferLine" (id, "transferId", "itemType", "warehouseItemId", "materialDefinitionId", quantity, unit, "nameSnapshot", "indexSnapshot", category) FROM stdin;
\.


--
-- Data for Name: OperatorDefinition; Type: TABLE DATA; Schema: public; Owner: huzzar_admin
--

COPY public."OperatorDefinition" (operator) FROM stdin;
PLAY
PLUS
VECTRA
T-MOBILE
MULTIMEDIA
VRCTRA BIZNES
ORANGE
\.


--
-- Data for Name: Order; Type: TABLE DATA; Schema: public; Owner: huzzar_admin
--

COPY public."Order" (id, "orderNumber", date, "timeSlot", "clientPhoneNumber", notes, status, county, municipality, city, street, "postalCode", "assignedToId", "createdAt", "updatedAt", operator, type, "closedAt", "failureReason", "transferPending", "transferToId", "completedAt") FROM stdin;
8d020340-6537-401e-9d2e-b2c6a272c05a	123123123	2025-09-02 00:00:00	8-10	\N	\N	COMPLETED	\N	\N	Gdańsk	ul. Hestii 3	00-000	9e3c7093-5573-4a79-bc67-fdc0e24053e7	2025-09-02 18:10:37.324	2025-09-03 13:45:43.287	VECTRA	INSTALATION	\N	\N	f	\N	2025-09-03 13:45:43.286
5d840ec8-866a-498d-9d2d-81de6e20be09	T/368651/2025	2025-09-05 00:00:00	16-18	\N	Zew. ID klienta: 8009-8381453989	ASSIGNED	\N	\N	Gdynia	Gorczycowa 1C/2	81-591	7048a693-0ff3-4dbf-8a6e-f6ed50e98bb3	2025-09-05 09:25:44.207	2025-09-05 09:25:44.207	T-MOBILE	INSTALATION	\N	\N	f	\N	\N
e6458bfb-49c4-4323-b886-19148fae1f4e	T/350945/2025	2025-09-05 00:00:00	14-16	\N	Zew. ID klienta: 67845643	COMPLETED	\N	\N	Gdynia	Mikołaja Kopernika 137/21	81-456	44c0326c-9573-4a20-ac99-f3f0e2632e50	2025-09-05 09:25:44.209	2025-09-05 09:25:44.209	VECTRA	INSTALATION	\N	\N	f	\N	\N
c3455c09-04ad-438b-baf8-f850439c1682	T/353819/2025	2025-09-05 00:00:00	12-14	\N	Zew. ID klienta: 67855314	ASSIGNED	\N	\N	Władysławowo	Wewnętrzna 3	84-120	92c4e97c-c105-4213-90db-a07f612208c1	2025-09-05 09:25:44.209	2025-09-05 09:25:44.209	VECTRA	INSTALATION	\N	\N	f	\N	\N
fb17c3f3-10f1-4f92-8ec2-fc9c84607a8b	T/354349/2025	2025-09-05 00:00:00	16-18	\N	Zew. ID klienta: 67857027	ASSIGNED	\N	\N	Gdynia	Śląska 33/22	81-310	44c0326c-9573-4a20-ac99-f3f0e2632e50	2025-09-05 09:25:44.209	2025-09-05 09:25:44.209	VECTRA	INSTALATION	\N	\N	f	\N	\N
9ef30c2c-1357-404e-b8a9-9331cc950f4b	T/353126/2025	2025-09-05 00:00:00	10-12	\N	Zew. ID klienta: 67854099	COMPLETED	\N	\N	Gdynia	Stanisława Filipkowskiego 18/28	81-578	44c0326c-9573-4a20-ac99-f3f0e2632e50	2025-09-05 09:25:44.209	2025-09-05 09:25:44.209	PLAY	INSTALATION	\N	\N	f	\N	\N
d6c92c35-527e-466c-b986-734a40e5761d	PRZA/7458	2025-09-01 00:00:00	10-11	\N		ASSIGNED	\N	\N	Kartuzy	ul Sedzickiego 2/5	00-000	338cb344-9b73-469d-8a5e-61359673fe0d	2025-09-01 18:33:29.421	2025-09-01 18:33:29.421	VECTRA	INSTALATION	\N	\N	f	\N	\N
c7fc334a-2e12-4ad9-8e0d-82865cc09f5d	3467	2025-09-03 00:00:00	8-10	\N	\N	COMPLETED	\N	\N	Gdańsk	Teodora 2	00-000	9e3c7093-5573-4a79-bc67-fdc0e24053e7	2025-09-02 18:51:08.091	2025-09-02 18:51:21.991	PLUS	INSTALATION	\N	\N	f	\N	2025-09-02 18:51:21.989
1e5fdcf9-72ec-4397-a0d8-e131202fda4b	zl/123457	2025-09-01 00:00:00	8-10			COMPLETED			Gdynia	Morska 72/19	00-000	3c5bdad7-3561-4a99-a4b2-c20e5821cec2	2025-08-31 21:56:26.405	2025-09-03 04:57:47.076	VECTRA	INSTALATION	\N	\N	f	\N	\N
953cae65-3894-4b18-ad36-41ed7cc50770	T/347174/2025	2025-09-01 00:00:00	8-10		\N	NOT_COMPLETED			Gdynia 	Warszawska 38/3	00-000	3c5bdad7-3561-4a99-a4b2-c20e5821cec2	2025-08-31 21:30:33.292	2025-09-03 06:01:50.747	VECTRA	INSTALATION	\N	Brak kabla w lokalu AB	f	\N	2025-09-03 06:01:50.745
1bc035ff-9ab6-4150-be61-9f234d8b860c	T/365435/2025	2025-09-05 00:00:00	10-12	\N	Ab. nie wyraził na daną chwilę przewiertu z klatki do mieszkania	NOT_COMPLETED	\N	\N	Gdynia	Bosmańska 28/25	81-116	3c5bdad7-3561-4a99-a4b2-c20e5821cec2	2025-09-05 09:25:44.208	2025-09-07 03:07:18.802	VECTRA	INSTALATION	\N	Brak zgody na wiercenie	f	\N	2025-09-07 03:07:18.801
3396d666-397d-45e7-8535-d6628802ddd5	T/368684/2025	2025-09-05 00:00:00	16-18	\N	Zew. ID klienta: 67906266	ASSIGNED	\N	\N	Gdynia	Borowikowa 23/21	81-080	3c5bdad7-3561-4a99-a4b2-c20e5821cec2	2025-09-05 09:25:44.207	2025-09-07 03:11:42.292	VECTRA	INSTALATION	\N	\N	t	44c0326c-9573-4a20-ac99-f3f0e2632e50	\N
9c56b169-4f98-479f-a8b7-a119dc366ee3	zl12345	2025-09-04 00:00:00	8-10	\N	Test	COMPLETED	\N	\N	Gdynia	Morska 72/19	00-000	3c5bdad7-3561-4a99-a4b2-c20e5821cec2	2025-09-03 09:19:39.417	2025-09-07 03:14:08.858	VECTRA	INSTALATION	\N	\N	f	\N	2025-09-07 03:14:08.857
9a64df9c-e1a5-491d-a31c-fc0d451f9cb3	5435435	2025-09-13 00:00:00	8-10	\N	\N	COMPLETED	\N	\N	Szczecin	Porębskiego 11	00-000	9e3c7093-5573-4a79-bc67-fdc0e24053e7	2025-09-13 05:40:31.465	2025-09-13 20:58:46.677	PLAY	INSTALATION	\N	\N	f	\N	2025-09-13 05:40:40.184
ab31106b-7d6a-4a06-bcdf-18c0ec120bba	T/365572/2025	2025-09-05 00:00:00	12-14	\N	Zew. ID klienta: 67879188	PENDING	\N	\N	Kartuzy	Nowe Osiedle 14/3	83-300	\N	2025-09-05 09:25:44.171	2025-09-05 09:25:44.171	VECTRA	INSTALATION	\N	\N	f	\N	\N
0f1399f4-521b-4e83-a9d5-dfb810921f09	T/362364/2025	2025-09-05 00:00:00	8-10	\N	Zew. ID klienta: 67870691	PENDING	\N	\N	Gdynia	Sezamowa 57	81-591	\N	2025-09-05 09:25:44.171	2025-09-05 09:25:44.171	PLAY	INSTALATION	\N	\N	f	\N	\N
26fa574a-ee1d-4516-9f55-1af57c0b1c98	T/353725/2025	2025-09-05 00:00:00	14-16	\N	Zew. ID klienta: 67855063	PENDING	\N	\N	Juszkowo	Urocza 15A/4	83-000	\N	2025-09-05 09:25:44.172	2025-09-05 09:25:44.172	PLAY	INSTALATION	\N	\N	f	\N	\N
81e15da7-906f-471f-9faa-539051828fde	T/368428/2025	2025-09-05 00:00:00	16-18	\N	Zew. ID klienta: 8009-7263785371	ASSIGNED	\N	\N	Gdynia	Starodworcowa 27A/2	81-575	7048a693-0ff3-4dbf-8a6e-f6ed50e98bb3	2025-09-05 09:25:44.208	2025-09-05 09:25:44.208	T-MOBILE	INSTALATION	\N	\N	f	\N	\N
0ce66da1-4a3e-468a-b1f5-d4d0c1f698b2	T/370687/2025	2025-09-05 00:00:00	18-20	\N	Zew. ID klienta: 67867572	ASSIGNED	\N	\N	Gdynia	Powstania Śląskiego 9	81-462	44c0326c-9573-4a20-ac99-f3f0e2632e50	2025-09-05 09:25:44.207	2025-09-05 09:25:44.207	VECTRA	INSTALATION	\N	\N	f	\N	\N
a18ef539-d9e9-4588-86fe-5e6e3969a09f	T/352765/2025	2025-09-05 00:00:00	12-14	\N	Zew. ID klienta: 8008-948254226	ASSIGNED	\N	\N	Władysławowo	Rybacka 2/1	84-120	92c4e97c-c105-4213-90db-a07f612208c1	2025-09-05 09:25:44.209	2025-09-05 09:25:44.209	PLUS	INSTALATION	\N	\N	f	\N	\N
bfdb5929-7bc0-41bf-9db1-a50a91f2a37d	T/365361/2025	2025-09-05 00:00:00	16-18	\N	Zew. ID klienta: 67879809	ASSIGNED	\N	\N	Gdynia	Kcyńska 3/4	81-005	3c5bdad7-3561-4a99-a4b2-c20e5821cec2	2025-09-05 09:25:44.209	2025-09-07 03:12:00.514	VECTRA	INSTALATION	\N	\N	t	44c0326c-9573-4a20-ac99-f3f0e2632e50	\N
fe8b2d93-1e0a-4b07-b6bb-7c60860b1739	T/361949/2025	2025-09-05 00:00:00	14-16	\N	\N	COMPLETED	\N	\N	Gdynia	Jana Dantyszka 4B/8	81-263	3c5bdad7-3561-4a99-a4b2-c20e5821cec2	2025-09-05 09:25:44.209	2025-09-12 21:39:55.251	VECTRA	INSTALATION	\N	\N	f	\N	2025-09-07 03:11:16.797
d3e5e75c-2ee3-429b-880f-f0f59c0f9be9	67890	2025-09-13 00:00:00	8-10	\N	\N	COMPLETED	\N	\N	Gdańsk	Hestii 3	00-000	9e3c7093-5573-4a79-bc67-fdc0e24053e7	2025-09-13 19:07:27.669	2025-09-13 20:58:02.256	MULTIMEDIA	INSTALATION	\N	\N	f	\N	2025-09-13 19:08:09.863
65490751-99f4-4b47-a83d-d14caafcb648	T/368731/2025	2025-09-05 00:00:00	14-16	\N	Zew. ID klienta: 56937459	ASSIGNED	\N	\N	Gdynia	Polskiego Czerwonego Krzyża 7/31	81-621	44c0326c-9573-4a20-ac99-f3f0e2632e50	2025-09-05 09:25:44.207	2025-09-05 09:25:44.207	VECTRA	INSTALATION	\N	\N	f	\N	\N
9b2c9f3c-0df3-42c2-a0d0-64e409b6dccc	T/355960/2025	2025-09-05 00:00:00	16-18	\N	Zew. ID klienta: 1570207	ASSIGNED	\N	\N	Pruszcz Gdański	Jędrzeja Śniadeckiego 4C	83-000	\N	2025-09-05 09:25:44.172	2025-09-05 09:25:44.172	VECTRA	INSTALATION	\N	\N	f	\N	\N
bcec1a74-2581-4a16-be0c-7abd87d7c8f4	T/353902/2025	2025-09-05 00:00:00	16-18	\N	Zew. ID klienta: 67855598	ASSIGNED	\N	\N	Gdynia	Bosmańska 28B/17	81-116	44c0326c-9573-4a20-ac99-f3f0e2632e50	2025-09-05 09:25:44.209	2025-09-05 09:25:44.209	VECTRA	INSTALATION	\N	\N	f	\N	\N
83fd61ed-ed3e-43a3-b178-133d64b7c0a2	T/370097/2025	2025-09-05 00:00:00	12-14	\N	Zew. ID klienta: 67733548	ASSIGNED	\N	\N	Gdynia	Stanisława Wyspiańskiego 10/73	81-435	7048a693-0ff3-4dbf-8a6e-f6ed50e98bb3	2025-09-05 09:25:44.209	2025-09-05 09:25:44.209	VECTRA	INSTALATION	\N	\N	f	\N	\N
45d3baa2-7258-4bf9-bce9-24b00d369d47	T/353915/2025	2025-09-05 00:00:00	10-12	\N	Zew. ID klienta: 57148389	ASSIGNED	\N	\N	Władysławowo	Siedleckiego 18C/34	84-120	92c4e97c-c105-4213-90db-a07f612208c1	2025-09-05 09:25:44.209	2025-09-05 09:25:44.209	VECTRA	INSTALATION	\N	\N	f	\N	\N
54de7e76-f5cf-4155-8996-7d50f7751576	T/369376/2025	2025-09-05 00:00:00	10-12	\N	Zew. ID klienta: 57477346	ASSIGNED	\N	\N	Gdynia	Bosmańska 26C/28	81-116	3c5bdad7-3561-4a99-a4b2-c20e5821cec2	2025-09-05 09:25:44.209	2025-09-17 08:24:03.712	VECTRA	INSTALATION	\N	\N	f	\N	\N
9fdb5644-bfda-4b05-9058-bfb2a5f99a97	T/364212/2025	2025-09-05 00:00:00	10-12	\N	Zew. ID klienta: 8009-3063966501	ASSIGNED	\N	\N	Starogard Gdański	Aleja Jana Pawła II 15C/20	83-200	695e0830-b7e0-4a17-ab6f-8cd5706f979b	2025-09-05 09:25:44.208	2025-09-17 08:24:06.185	T-MOBILE	INSTALATION	\N	\N	f	\N	\N
10d1bfbd-5abe-4205-b82d-75c7cc6a126d	T/365573/2025	2025-09-05 00:00:00	10-12	\N	Zew. ID klienta: 8009-1379265339	PENDING	\N	\N	Kartuzy	osiedle Generała Władysława Sikorskiego 5/38	83-300	\N	2025-09-05 09:25:44.171	2025-09-17 17:29:28.247	T-MOBILE	INSTALATION	\N	\N	f	\N	\N
48f5ce58-f12a-4311-9e37-48b1642f1c28	T/369076/2025	2025-09-05 00:00:00	16-18	\N	Zew. ID klienta: 67907417	PENDING	\N	\N	Kartuzy	Prokowska 40F/2	83-300	\N	2025-09-05 09:25:44.171	2025-09-25 11:58:29.109	VECTRA	INSTALATION	\N	\N	f	\N	\N
844ef09a-d365-42f0-8490-ca5154398548	T/369580/2025	2025-09-05 00:00:00	14-16	\N	Zew. ID klienta: 56008232	ASSIGNED	\N	\N	Gdynia	Huzarska 1/4	81-518	44c0326c-9573-4a20-ac99-f3f0e2632e50	2025-09-05 09:25:44.207	2025-09-05 09:25:44.207	VECTRA	INSTALATION	\N	\N	f	\N	\N
b174c0a9-5970-4f43-8251-bb01cc3048c5	T/367932/2025	2025-09-05 00:00:00	18-20	\N	Zew. ID klienta: 8009-6386565999	ASSIGNED	\N	\N	Gdynia	Bieszczadzka 4/15	81-582	7048a693-0ff3-4dbf-8a6e-f6ed50e98bb3	2025-09-05 09:25:44.208	2025-09-05 09:25:44.208	T-MOBILE	INSTALATION	\N	\N	f	\N	\N
fe03cdb5-96d9-4bd3-b42b-ca76ee607d70	T/363180/2025	2025-09-05 00:00:00	8-10	\N	Zew. ID klienta: 67873150	COMPLETED	\N	\N	Gdynia	Gorczycowa 2E/9	81-591	3c5bdad7-3561-4a99-a4b2-c20e5821cec2	2025-09-05 09:25:44.209	2025-09-05 09:25:44.209	PLAY	INSTALATION	\N	\N	f	\N	\N
dfb7497b-3afc-4925-9ca0-031be87485ca	T/354061/2025	2025-09-05 00:00:00	18-20	\N	Zew. ID klienta: 67744458	ASSIGNED	\N	\N	Gdynia	Morska 131A/3	81-222	44c0326c-9573-4a20-ac99-f3f0e2632e50	2025-09-05 09:25:44.209	2025-09-05 09:25:44.209	VECTRA	INSTALATION	\N	\N	f	\N	\N
4aa4a5f1-7d4f-4b9d-b5ef-b0fe9295f437	313213212123	2025-09-04 00:00:00	8-10	\N	Wykonano	COMPLETED	\N	\N	Gdańsk	ul. Hestii 3	00-000	9e3c7093-5573-4a79-bc67-fdc0e24053e7	2025-09-04 17:53:23.351	2025-09-13 19:04:36.507	PLAY	SERVICE	\N	\N	f	\N	2025-09-13 19:04:07.86
feaacc0c-7170-4123-8281-1dff6a5e2522	T/368345/2025	2025-09-05 00:00:00	10-12	\N	Zew. ID klienta: 55127684	PENDING	\N	\N	Gdynia	Chylońska 90-92/24	81-033	\N	2025-09-05 09:25:44.171	2025-09-05 09:25:44.171	VECTRA	INSTALATION	\N	\N	f	\N	\N
eaedf139-4b6c-44ff-ad60-f7ceef180863	q23213	2025-09-04 00:00:00	8-10	\N	\N	COMPLETED	\N	\N	Gdańsk	ul. Hestii 3	00-000	9e3c7093-5573-4a79-bc67-fdc0e24053e7	2025-09-04 17:43:41.752	2025-09-04 17:45:47.718	MULTIMEDIA	INSTALATION	\N	\N	f	\N	2025-09-04 17:45:47.717
b3a777f9-787d-4b84-a794-738005b21d32	T/357861/2025	2025-09-05 00:00:00	8-10	\N	Zew. ID klienta: 67866158	ASSIGNED	\N	\N	Gdynia	Legionów 100A/54	81-472	33b23147-013c-4ce5-a56c-9d7e0fae227b	2025-09-05 09:25:44.171	2025-09-17 08:22:24.757	VECTRA	INSTALATION	\N	\N	f	\N	\N
a1cb1702-d1cf-4fd6-85c4-0c6d88db9f6c	T/369503/2025	2025-09-05 00:00:00	10-12	\N	Zew. ID klienta: 67815656	ASSIGNED	\N	\N	Gdynia	Chylońska 265/21	81-016	33b23147-013c-4ce5-a56c-9d7e0fae227b	2025-09-05 09:25:44.171	2025-09-17 08:22:31.378	VECTRA	INSTALATION	\N	\N	f	\N	\N
ab68c07c-e677-4c0e-87d1-472d61b32028	T/363729/2025	2025-09-05 00:00:00	10-12	\N	Zew. ID klienta: 55679305	ASSIGNED	\N	\N	Starogard Gdański	Osiedle ks. Henryka Szumana 11/12	83-200	695e0830-b7e0-4a17-ab6f-8cd5706f979b	2025-09-05 09:25:44.211	2025-09-17 08:23:55.617	VECTRA	INSTALATION	\N	\N	f	\N	\N
f81c0991-8858-4956-98c6-18f7c4b33b6b	T/368625/2025	2025-09-05 00:00:00	8-10	\N	Zew. ID klienta: 67905925	ASSIGNED	\N	\N	Gdynia	Jana Kamrowskiego 7D/1	81-603	44c0326c-9573-4a20-ac99-f3f0e2632e50	2025-09-05 09:25:44.207	2025-09-17 08:24:13.241	VECTRA	INSTALATION	\N	\N	f	\N	\N
b7b867df-3a85-4191-a37c-25ea00a9d4d4	T/367685/2025	2025-09-05 00:00:00	14-16	\N	Zew. ID klienta: 8008-948498606	ASSIGNED	\N	\N	Kartuzy	os. gen. Józefa Wybickiego 18/2	83-300	33b23147-013c-4ce5-a56c-9d7e0fae227b	2025-09-05 09:25:44.173	2025-09-17 08:24:29.866	PLUS	INSTALATION	\N	\N	f	\N	\N
7789dce4-c065-4705-9672-d5c62cb6d04c	T/416647/2025	2025-10-06 00:00:00	14-16	\N	Zew. ID klienta: 65502542	ASSIGNED	\N	\N	Kartuzy	Kolejowa 7/u1	83-300	338cb344-9b73-469d-8a5e-61359673fe0d	2025-10-03 15:08:59.413	2025-10-03 15:08:59.413	VECTRA	INSTALATION	\N	\N	f	\N	\N
346f5e8c-b3f5-492f-85fe-4bca8ede96ea	T/418377/2025	2025-10-06 00:00:00	12-14	\N	Zew. ID klienta: 68068292	ASSIGNED	\N	\N	Gdynia	Sojowa 35B/15	81-589	44c0326c-9573-4a20-ac99-f3f0e2632e50	2025-10-03 15:08:59.415	2025-10-03 15:08:59.415	VECTRA	INSTALATION	\N	\N	f	\N	\N
9c3a9787-5d2f-4bd6-a3e5-eccdbb69a958	T/408862/2025	2025-10-06 00:00:00	10-12	\N	Zew. ID klienta: 68043325	ASSIGNED	\N	\N	Dzierżążno	Szpitalna 33/11	83-332	338cb344-9b73-469d-8a5e-61359673fe0d	2025-10-03 15:08:59.413	2025-10-03 15:08:59.413	PLAY	INSTALATION	\N	\N	f	\N	\N
9610b472-d59b-4ade-aa56-ce68182597e1	T/404648/2025	2025-10-06 00:00:00	10-12	\N	Zew. ID klienta: 67919796	ASSIGNED	\N	\N	Gdynia	Falista 5/15	81-331	3c5bdad7-3561-4a99-a4b2-c20e5821cec2	2025-10-03 15:08:59.415	2025-10-03 15:08:59.415	PLAY	INSTALATION	\N	\N	f	\N	\N
372b1d8d-e698-48fa-9d8d-6e80777adc47	T/417944/2025	2025-10-06 00:00:00	16-18	\N	Zew. ID klienta: 56466739	ASSIGNED	\N	\N	Pruszcz Gdański	Arctowskiego 6C/41	83-000	7fecea7e-82b0-4150-8f82-1ebad91a2c6b	2025-10-03 15:08:59.415	2025-10-03 15:08:59.415	VECTRA	INSTALATION	\N	\N	f	\N	\N
0e5c9e8e-43c0-452c-b073-84310220c700	T/403284/2025	2025-10-06 00:00:00	12-14	\N	Zew. ID klienta: 57749659	ASSIGNED	\N	\N	Gdynia	Stawna 1B/21	81-629	3c5bdad7-3561-4a99-a4b2-c20e5821cec2	2025-10-03 15:08:59.415	2025-10-03 15:08:59.415	VECTRA	INSTALATION	\N	\N	f	\N	\N
a4dad7f4-9ab9-4175-bfc5-114f4002c2e3	T/419674/2025	2025-10-06 00:00:00	12-14	\N	Zew. ID klienta: 68056363	ASSIGNED	\N	\N	Pruszcz Gdański	Azaliowa 7A/10	83-000	7fecea7e-82b0-4150-8f82-1ebad91a2c6b	2025-10-03 15:08:59.415	2025-10-03 15:08:59.415	VECTRA	INSTALATION	\N	\N	f	\N	\N
96f6239a-2f6b-40f3-9ee0-a246e0a49685	T/418863/2025	2025-10-06 00:00:00	10-12	\N	Zew. ID klienta: 52289549	ASSIGNED	\N	\N	Gdynia	Chylońska 74/57	81-033	44c0326c-9573-4a20-ac99-f3f0e2632e50	2025-10-03 15:08:59.415	2025-10-03 15:08:59.415	VECTRA	INSTALATION	\N	\N	f	\N	\N
73f57845-b5b8-44d1-97cc-f01cb3eec9d9	T/417420/2025	2025-10-06 00:00:00	12-14	\N	Zew. ID klienta: 68064776	ASSIGNED	\N	\N	Żukowo gm. Żukowo	Jabłoniowa 7/20	83-330	338cb344-9b73-469d-8a5e-61359673fe0d	2025-10-03 15:08:59.413	2025-10-03 15:08:59.413	VECTRA	INSTALATION	\N	\N	f	\N	\N
8e9d9ba4-dd5c-4baf-9300-034cf8fb0536	1003358	2025-10-06 00:00:00	9-12	\N	Zew. ID klienta: 1003358	ASSIGNED	\N	\N	Gdynia	ul. Maszopów 4B/2		ffc4d1ae-5f21-4cdd-bc80-30b4b26defe9	2025-10-03 15:08:59.415	2025-10-03 15:08:59.415	MULTIMEDIA	INSTALATION	\N	\N	f	\N	\N
1b90dd26-42e0-48b8-b8c0-14fbe6ffbcdf	168848	2025-10-06 00:00:00	9-12	\N	Zew. ID klienta: 168848	ASSIGNED	\N	\N	Gdynia	ul. Leopolda Stokowskiego 8B/7		ffc4d1ae-5f21-4cdd-bc80-30b4b26defe9	2025-10-03 15:08:59.415	2025-10-03 15:08:59.415	MULTIMEDIA	INSTALATION	\N	\N	f	\N	\N
5fb0f971-34c6-4eb2-822d-e1e8e8d4c2c2	875642	2025-10-06 00:00:00	15-18	\N	Zew. ID klienta: 875642	ASSIGNED	\N	\N	Gdynia	ul. Morska 210/44		ffc4d1ae-5f21-4cdd-bc80-30b4b26defe9	2025-10-03 15:08:59.415	2025-10-03 15:08:59.415	MULTIMEDIA	INSTALATION	\N	\N	f	\N	\N
25db6aeb-b8d7-4b63-a5e5-3f149a93c18a	527274	2025-10-06 00:00:00	9-12	\N	Zew. ID klienta: 527274	ASSIGNED	\N	\N	Gdynia	ul. Stanisława Kosko 4B/3		ffc4d1ae-5f21-4cdd-bc80-30b4b26defe9	2025-10-03 15:08:59.415	2025-10-03 15:08:59.415	MULTIMEDIA	INSTALATION	\N	\N	f	\N	\N
967516dd-f0f4-4bae-a11a-383df9958ba4	T/418882/2025	2025-10-06 00:00:00	10-12	\N	Zew. ID klienta: 8008-949370992	ASSIGNED	\N	\N	Pruszcz Gdański	Ogrodowa 1/2	83-000	7fecea7e-82b0-4150-8f82-1ebad91a2c6b	2025-10-03 15:08:59.415	2025-10-03 15:08:59.415	PLUS	INSTALATION	\N	\N	f	\N	\N
7c858250-f78e-46ce-964c-05c163999ff3	T/413435/2025	2025-10-06 00:00:00	10-12	\N	Zew. ID klienta: 8009-1348751504	ASSIGNED	\N	\N	Pruszcz Gdański	Stefana Rogozińskiego 3/3	83-000	7fecea7e-82b0-4150-8f82-1ebad91a2c6b	2025-10-03 15:08:59.415	2025-10-03 15:08:59.415	T-MOBILE	INSTALATION	\N	\N	f	\N	\N
b7271e74-1b7f-46cb-8628-40f3af870d9e	6330086	2025-10-06 00:00:00	15-18	\N	Zew. ID klienta: 6330086	ASSIGNED	\N	\N	Gdynia	ul. Maurycego Beniowskiego 32/3		ffc4d1ae-5f21-4cdd-bc80-30b4b26defe9	2025-10-03 15:08:59.415	2025-10-03 15:08:59.415	MULTIMEDIA	INSTALATION	\N	\N	f	\N	\N
833f251b-167e-4c5c-9958-87914997c8ca	9123472	2025-10-06 00:00:00	15-18	\N	Zew. ID klienta: 9123472	ASSIGNED	\N	\N	Kartuzy	os. Osiedle gen. Józefa Wybickiego 29/25		338cb344-9b73-469d-8a5e-61359673fe0d	2025-10-03 15:08:59.415	2025-10-03 15:08:59.415	MULTIMEDIA	INSTALATION	\N	\N	f	\N	\N
2f8e9e8d-a841-4946-8d8f-18ef13dfa7a9	T/417043/2025	2025-10-06 00:00:00	16-18	\N	Zew. ID klienta: 68063612	ASSIGNED	\N	\N	Gdynia	Małokacka 17/4	81-654	44c0326c-9573-4a20-ac99-f3f0e2632e50	2025-10-03 15:08:59.415	2025-10-03 15:08:59.415	VECTRA	INSTALATION	\N	\N	f	\N	\N
def357db-0947-4f10-b725-a63df6b61633	19984	2025-10-06 00:00:00	18-21	\N	Zew. ID klienta: 19984	ASSIGNED	\N	\N	Gdynia	ul. Jana Bażyńskiego 10		ffc4d1ae-5f21-4cdd-bc80-30b4b26defe9	2025-10-03 15:08:59.415	2025-10-03 15:08:59.415	MULTIMEDIA	INSTALATION	\N	\N	f	\N	\N
d2f8c092-3593-435a-bdbb-7e07232ba4f7	T/413231/2025	2025-10-06 00:00:00	16-18	\N	Zew. ID klienta: 8009-6768876415	ASSIGNED	\N	\N	Gdynia	Powstania Śląskiego 4A/14	81-462	3c5bdad7-3561-4a99-a4b2-c20e5821cec2	2025-10-03 15:08:59.415	2025-10-03 15:08:59.415	T-MOBILE	INSTALATION	\N	\N	f	\N	\N
d85e57dd-13b4-4b72-9035-f3fc08b52ea3	T/420488/2025	2025-10-06 00:00:00	16-18	\N		ASSIGNED	\N	\N	Juszkowo	Urocza 11A/18	83-000	7fecea7e-82b0-4150-8f82-1ebad91a2c6b	2025-10-03 15:08:59.415	2025-10-04 13:16:04.062	VECTRA	INSTALATION	\N	\N	f	\N	\N
6ec7f07c-d9d9-402b-956e-c29199e8479e	T/383666/2025	2025-10-06 00:00:00	10-12	\N	Zew. ID klienta: 67904472	ASSIGNED	\N	\N	Gdynia	Nowodworcowa 8A/4	81-581	14a146a9-3734-4170-a1ac-388428f2fd1a	2025-10-03 15:08:59.415	2025-10-03 15:08:59.415	PLAY	INSTALATION	\N	\N	f	\N	\N
024a4459-38b0-4232-8291-8748333e3e9a	T/414461/2025	2025-10-06 00:00:00	10-12	\N	Zew. ID klienta: 8009-0268099380	ASSIGNED	\N	\N	Pogórze	Tadeusza Kościuszki 74/12	81-198	14a146a9-3734-4170-a1ac-388428f2fd1a	2025-10-03 15:08:59.415	2025-10-03 15:08:59.415	T-MOBILE	INSTALATION	\N	\N	f	\N	\N
50e90022-9558-4d4f-9f96-4b6c9a20fc24	T/417693/2025	2025-10-06 00:00:00	8-10	\N	Zew. ID klienta: 68065797	ASSIGNED	\N	\N	Gdynia	Leona Staniszewskiego 19A/42	81-603	44c0326c-9573-4a20-ac99-f3f0e2632e50	2025-10-03 15:08:59.415	2025-10-03 15:08:59.415	VECTRA	INSTALATION	\N	\N	f	\N	\N
65571edd-26fc-4cd1-8e44-aa8a464e808f	T/423040/2025	2025-10-06 00:00:00	12-14	\N	Zew. ID klienta: 68077650	ASSIGNED	\N	\N	Juszkowo	Urocza 9B/14	83-000	7fecea7e-82b0-4150-8f82-1ebad91a2c6b	2025-10-03 15:08:59.415	2025-10-03 15:08:59.415	PLAY	INSTALATION	\N	\N	f	\N	\N
f81b8c41-d6d4-45d7-8473-7f37f7dbae45	T/420727/2025	2025-10-06 00:00:00	14-16	\N	Zew. ID klienta: 68075546	ASSIGNED	\N	\N	Rokitnica	Bursztynowa 4D	83-021	7fecea7e-82b0-4150-8f82-1ebad91a2c6b	2025-10-03 15:08:59.413	2025-10-03 15:08:59.413	VECTRA	INSTALATION	\N	\N	f	\N	\N
13d4c6a6-db16-41b6-8056-f577feaf22a1	T/416919/2025	2025-10-06 00:00:00	8-10	\N	Zew. ID klienta: 68063108	ASSIGNED	\N	\N	Gdynia	Wejherowska 11-17/36	81-065	14a146a9-3734-4170-a1ac-388428f2fd1a	2025-10-03 15:08:59.414	2025-10-03 15:08:59.414	VECTRA	INSTALATION	\N	\N	f	\N	\N
8e64a2ef-258a-4797-861d-918d7387aa57	T/412762/2025	2025-10-06 00:00:00	16-18	\N	Zew. ID klienta: 67984616	ASSIGNED	\N	\N	Kolbudy	Tysiąclecia 2/8	83-050	338cb344-9b73-469d-8a5e-61359673fe0d	2025-10-03 15:08:59.415	2025-10-03 15:08:59.415	PLAY	INSTALATION	\N	\N	f	\N	\N
bf52e396-e83f-4403-b22b-5b2cdc738bb2	T/420219/2025	2025-10-06 00:00:00	14-16	\N	Zew. ID klienta: 68072914	ASSIGNED	\N	\N	Gdynia	Rydzowa 13/18	81-081	44c0326c-9573-4a20-ac99-f3f0e2632e50	2025-10-03 15:08:59.414	2025-10-03 15:08:59.414	VECTRA	INSTALATION	\N	\N	f	\N	\N
8d6ec795-ba65-4a73-aa46-59deffc0b794	T/418166/2025	2025-10-06 00:00:00	8-10	\N	Zew. ID klienta: 68067635	ASSIGNED	\N	\N	Gdynia	Australijska 14D/32	81-116	44c0326c-9573-4a20-ac99-f3f0e2632e50	2025-10-03 15:08:59.415	2025-10-03 15:08:59.415	VECTRA	INSTALATION	\N	\N	f	\N	\N
3d893119-5927-40ac-b4cf-6e495570264e	T/419984/2025	2025-10-06 00:00:00	18-20	\N	Zew. ID klienta: 8009-4139990015	ASSIGNED	\N	\N	Gdynia	Mikołaja Kopernika 137C/1	81-456	3c5bdad7-3561-4a99-a4b2-c20e5821cec2	2025-10-03 15:08:59.414	2025-10-03 15:08:59.414	T-MOBILE	INSTALATION	\N	\N	f	\N	\N
687731c5-8322-4621-b95f-9bffb8976f69	T/420302/2025	2025-10-06 00:00:00	14-16	\N	Zew. ID klienta: 53474221	ASSIGNED	\N	\N	Pruszcz Gdański	Żwirki i Wigury 3/28	83-000	7fecea7e-82b0-4150-8f82-1ebad91a2c6b	2025-10-03 15:08:59.414	2025-10-03 15:08:59.414	VECTRA	INSTALATION	\N	\N	f	\N	\N
9d587954-617e-4d62-9a5f-f692cda324ff	T/413847/2025	2025-10-06 00:00:00	14-16	\N	Zew. ID klienta: 65792310	ASSIGNED	\N	\N	Gdynia	Adm. Józefa Unruga 118/4	81-153	3c5bdad7-3561-4a99-a4b2-c20e5821cec2	2025-10-03 15:08:59.414	2025-10-03 15:08:59.414	VECTRA	INSTALATION	\N	\N	f	\N	\N
d0b3ba47-9b6c-4025-acb3-7b33401f7253	T/411034/2025	2025-10-06 00:00:00	16-18	\N	Zew. ID klienta: 68050960	ASSIGNED	\N	\N	Gdynia	Stanisława Filipkowskiego 16A/19	81-578	3c5bdad7-3561-4a99-a4b2-c20e5821cec2	2025-10-03 15:08:59.415	2025-10-03 15:08:59.415	VECTRA	INSTALATION	\N	\N	f	\N	\N
c0373618-7de5-446b-9d31-2c1f9a1dbf65	T/413919/2025	2025-10-06 00:00:00	8-10	\N	Zew. ID klienta: 57357872	ASSIGNED	\N	\N	Gdynia	Gen. Gustawa Orlicz Dreszera 28II/24	81-261	14a146a9-3734-4170-a1ac-388428f2fd1a	2025-10-03 15:08:59.415	2025-10-03 15:08:59.415	VECTRA	INSTALATION	\N	\N	f	\N	\N
26af1d10-c502-4f20-b363-2f638262993d	T/419202/2025	2025-10-06 00:00:00	12-14	\N	Zew. ID klienta: 8008-949388878	ASSIGNED	\N	\N	Pruszcz Gdański	Jędrzeja Śniadeckiego 4/brak	83-000	7fecea7e-82b0-4150-8f82-1ebad91a2c6b	2025-10-03 15:08:59.413	2025-10-03 15:08:59.413	PLUS	INSTALATION	\N	\N	f	\N	\N
eb320018-9c0e-4c38-8f0c-3dec736b337c	T/414021/2025	2025-10-06 00:00:00	18-20	\N	Zew. ID klienta: 57249673	ASSIGNED	\N	\N	Pogórze	Tadeusza Kościuszki 66/16	81-198	3c5bdad7-3561-4a99-a4b2-c20e5821cec2	2025-10-03 15:08:59.414	2025-10-03 15:08:59.414	VECTRA	INSTALATION	\N	\N	f	\N	\N
4235af33-8fc6-4b3e-8c8f-34992940e0f1	T/404775/2025	2025-10-06 00:00:00	10-12	\N	Zew. ID klienta: 68032215	ASSIGNED	\N	\N	Gdynia	Jacka Kaczmarskiego 4B/13	81-230	3c5bdad7-3561-4a99-a4b2-c20e5821cec2	2025-10-03 15:08:59.415	2025-10-03 15:08:59.415	VECTRA	INSTALATION	\N	\N	f	\N	\N
7e3287ed-2f73-4cb0-ba5e-02a58360e241	T/418259/2025	2025-10-06 00:00:00	10-12	\N	Zew. ID klienta: 8009-3481820665	ASSIGNED	\N	\N	Gdynia	Wielkokacka 18/29	81-611	44c0326c-9573-4a20-ac99-f3f0e2632e50	2025-10-03 15:08:59.414	2025-10-03 15:08:59.414	T-MOBILE	INSTALATION	\N	\N	f	\N	\N
df3dfca3-7022-4985-af21-eda5c6e88ce1	T/391556/2025	2025-10-06 00:00:00	14-16	\N	Zew. ID klienta: 8009-8128346789	ASSIGNED	\N	\N	Gdynia	Władysława Grabowskiego 7/4	81-603	3c5bdad7-3561-4a99-a4b2-c20e5821cec2	2025-10-03 15:08:59.414	2025-10-03 15:08:59.414	T-MOBILE	INSTALATION	\N	\N	f	\N	\N
77a92dcf-1d5e-4a00-acde-7c0000ca9475	T/1/1111	2025-10-05 00:00:00	8-10	\N	Jest ok	COMPLETED	\N	\N	Gdynia	Huzarska 1/1	00-000	ba199ee6-e009-49ad-97af-995081961b6c	2025-10-05 20:41:50.531	2025-10-05 20:45:01.932	MULTIMEDIA	SERVICE	\N	\N	f	\N	2025-10-05 20:45:01.931
b099b81d-eff5-42d8-83c2-22fe0cf77193	t/111111	2025-10-05 00:00:00	14-15	\N	\N	NOT_COMPLETED	\N	\N	GDYNIA	HUZARSKA 2/1	00-000	ba199ee6-e009-49ad-97af-995081961b6c	2025-10-05 20:46:12.512	2025-10-05 20:46:19.862	VECTRA	SERVICE	\N	Brak kabla w lokalu AB	f	\N	2025-10-05 20:46:19.86
2bcd95d4-e812-4f08-9054-1e4ac0b586cf	gft	2025-10-05 00:00:00	8-10	\N	\N	COMPLETED	\N	\N	Gda	Zam 1	00-000	ba199ee6-e009-49ad-97af-995081961b6c	2025-10-05 20:47:57.326	2025-10-05 20:51:17.504	ORANGE	INSTALATION	\N	\N	f	\N	2025-10-05 20:49:36.776
2823d42b-6966-473f-9df4-efa4abc558c8	T/414160/2025	2025-10-06 00:00:00	12-14	\N	Zew. ID klienta: 68060527	ASSIGNED	\N	\N	Gdynia	Strzelców 38/34	81-586	3c5bdad7-3561-4a99-a4b2-c20e5821cec2	2025-10-03 15:08:59.415	2025-10-03 15:08:59.415	VECTRA	INSTALATION	\N	\N	f	\N	\N
dd29a0a9-139d-4b53-964e-80224ac53b22	T/407476/2025	2025-10-06 00:00:00	14-16	\N	Zew. ID klienta: 8009-1890061709	ASSIGNED	\N	\N	Gdynia	Jantarowa 16C/14	81-187	44c0326c-9573-4a20-ac99-f3f0e2632e50	2025-10-03 15:08:59.414	2025-10-04 13:18:38.894	T-MOBILE	INSTALATION	\N	\N	f	\N	\N
\.


--
-- Data for Name: OrderEquipment; Type: TABLE DATA; Schema: public; Owner: huzzar_admin
--

COPY public."OrderEquipment" (id, "orderId", "warehouseId") FROM stdin;
\.


--
-- Data for Name: OrderMaterial; Type: TABLE DATA; Schema: public; Owner: huzzar_admin
--

COPY public."OrderMaterial" (id, "orderId", "materialId", quantity, unit) FROM stdin;
3dc824e7-c7df-4fcd-b6a8-e785607b8b06	2bcd95d4-e812-4f08-9054-1e4ac0b586cf	5a77a447-001c-4e00-a196-b9bbc097eb84	15	METER
\.


--
-- Data for Name: OrderService; Type: TABLE DATA; Schema: public; Owner: huzzar_admin
--

COPY public."OrderService" (id, "orderId", type, "deviceId", "serialNumber", "deviceId2", "serialNumber2", "speedTest", "usDbmDown", "usDbmUp", "createdAt", notes) FROM stdin;
159936e3-ea72-45c0-b2aa-8f465755fb48	953cae65-3894-4b18-ad36-41ed7cc50770	NET	bcc1607a-b72c-40f1-b60d-d40e82e2e3b9	ABC123456789	\N	\N	\N	\N	\N	2025-08-31 21:49:41.833	\N
a752bb3e-1b81-4b98-93e3-8b07d076c6f4	c7fc334a-2e12-4ad9-8e0d-82865cc09f5d	TEL	\N	\N	\N	\N	\N	\N	\N	2025-09-02 18:51:21.997	\N
24c782ee-f0a0-4c6c-b802-3c8ad8d07ceb	c7fc334a-2e12-4ad9-8e0d-82865cc09f5d	ATV	\N	\N	\N	\N	\N	\N	\N	2025-09-02 18:51:21.997	\N
7431c04d-789f-4b09-8fc2-890d6a2058a6	8d020340-6537-401e-9d2e-b2c6a272c05a	TEL	\N	\N	\N	\N	\N	\N	\N	2025-09-03 13:45:43.295	\N
972b8e41-2a56-4a2f-a17e-b16e30b89dce	8d020340-6537-401e-9d2e-b2c6a272c05a	ATV	\N	\N	\N	\N	\N	\N	\N	2025-09-03 13:45:43.295	Good
dea2c57d-a564-4256-91cd-945924f9ee19	eaedf139-4b6c-44ff-ad60-f7ceef180863	NET	568a66d5-09c3-4cf6-a5a4-85cecc583bda	294912020397100973	\N	\N	300/50	\N	\N	2025-09-04 17:45:47.731	\N
8c70a180-00e3-472d-b189-0613f6bcb045	eaedf139-4b6c-44ff-ad60-f7ceef180863	TEL	\N	\N	\N	\N	\N	\N	\N	2025-09-04 17:45:47.731	\N
c3742932-7cd9-4602-8dc4-73e66627406d	eaedf139-4b6c-44ff-ad60-f7ceef180863	DTV	30bbd291-3fda-4035-928a-4d085cddbf0a	111111	\N	\N	\N	\N	\N	2025-09-04 17:45:47.731	\N
f6b522d1-2255-4e27-811a-c975122a5ad3	eaedf139-4b6c-44ff-ad60-f7ceef180863	DTV	60193eee-2380-4d65-8565-353c8fd5d783	333333	\N	\N	\N	12	14	2025-09-04 17:45:47.731	\N
c3cf968c-8a8e-4d8e-8eaa-446017d9539c	eaedf139-4b6c-44ff-ad60-f7ceef180863	ATV	\N	\N	\N	\N	\N	\N	\N	2025-09-04 17:45:47.731	staalowwy
cba31eb5-3e7d-46b9-9de7-6e8d8d95e614	9c56b169-4f98-479f-a8b7-a119dc366ee3	DTV	\N	\N	\N	\N	\N	\N	\N	2025-09-07 03:14:08.862	\N
7b0d2526-0685-4cc4-99d0-8d2508ecd50f	9c56b169-4f98-479f-a8b7-a119dc366ee3	NET	\N	\N	\N	\N	\N	\N	\N	2025-09-07 03:14:08.862	\N
914ca088-fd3c-45e0-9a7c-56491faed720	9c56b169-4f98-479f-a8b7-a119dc366ee3	TEL	\N	\N	\N	\N	\N	\N	\N	2025-09-07 03:14:08.862	\N
cdd47d28-18d8-47d0-bc95-c67ce0b95b98	9c56b169-4f98-479f-a8b7-a119dc366ee3	ATV	\N	\N	\N	\N	\N	\N	\N	2025-09-07 03:14:08.862	\N
d5e78b88-9f08-47ea-bce9-0c2b938da34c	fe8b2d93-1e0a-4b07-b6bb-7c60860b1739	NET	63845e22-154c-4448-9717-9143a43940ef	48414C4EA23A28B0	\N	\N	120/20	12	12	2025-09-12 21:39:55.256	\N
562c82cd-06f9-4a9f-ad79-0a359c8a1c65	fe8b2d93-1e0a-4b07-b6bb-7c60860b1739	DTV	9f923f89-b664-43cf-a505-1899c269a092	8988R024428009789	\N	\N	\N	\N	\N	2025-09-12 21:39:55.256	\N
b078c6a5-44d7-49ce-bd12-ced605f0af0d	d3e5e75c-2ee3-429b-880f-f0f59c0f9be9	DTV	c68fcf00-1834-43cf-b040-560ebf8a340c	222222	\N	\N	\N	\N	\N	2025-09-13 20:58:02.262	\N
a26db820-9e3f-46ac-b647-36b75ae9bb06	d3e5e75c-2ee3-429b-880f-f0f59c0f9be9	TEL	\N	\N	\N	\N	\N	\N	\N	2025-09-13 20:58:02.262	\N
b768eee4-a512-4039-ba36-c21ff91ab3d7	d3e5e75c-2ee3-429b-880f-f0f59c0f9be9	ATV	\N	\N	\N	\N	\N	\N	\N	2025-09-13 20:58:02.262	\N
05a44a2c-3b5c-449f-88b7-ba278574eeb1	9a64df9c-e1a5-491d-a31c-fc0d451f9cb3	TEL	\N	\N	\N	\N	\N	\N	\N	2025-09-13 20:58:46.681	\N
817d060d-73a5-4aee-ba0b-2bcd591ee681	9a64df9c-e1a5-491d-a31c-fc0d451f9cb3	ATV	\N	\N	\N	\N	\N	\N	\N	2025-09-13 20:58:46.681	aaad
379be320-1ccc-411e-8ede-7c40ad8f720a	2bcd95d4-e812-4f08-9054-1e4ac0b586cf	ATV	\N	\N	\N	\N	\N	\N	\N	2025-10-05 20:51:17.511	stalowy
\.


--
-- Data for Name: RateDefinition; Type: TABLE DATA; Schema: public; Owner: huzzar_admin
--

COPY public."RateDefinition" (id, code, amount) FROM stdin;
2de6036a-b8b9-4b70-8c06-c82797dc4e09	Piony	30
f81ebb5b-a217-4d41-856e-6d5a65de3f56	Dekoder 1-way / moduł CI+	5
6c2c32b4-fc93-4b50-a821-12cd66b4375f	Uruchomienie gniazda	20
2853ef86-6ceb-4b98-b348-358b1acf5598	Dekoder 2-way / IPTV / Android TV	10
e91458c0-b402-4299-bb45-0bb0c225f70f	Listwy	5
4cfe5eef-c9dd-4ffd-a05d-ca7110fce4b0	Modem NET / terminal TEL / PLC	10
8c17aa0e-3083-45cd-95dc-66e08f697a5f	Uruchomienie instalacji przyłącza ab.	30
\.


--
-- Data for Name: TechnicianSettings; Type: TABLE DATA; Schema: public; Owner: huzzar_admin
--

COPY public."TechnicianSettings" ("userId", "workingDaysGoal", "revenueGoal", "updatedAt") FROM stdin;
44c0326c-9573-4a20-ac99-f3f0e2632e50	21	8000	2025-08-31 21:29:29.092
9e3c7093-5573-4a79-bc67-fdc0e24053e7	21	8000	2025-09-17 08:20:26.644
\.


--
-- Data for Name: WarehouseHistory; Type: TABLE DATA; Schema: public; Owner: huzzar_admin
--

COPY public."WarehouseHistory" (id, "warehouseItemId", action, "performedById", "assignedToId", "actionDate", notes, quantity, "assignedOrderId", "fromLocationId", "locationTransferId", "toLocationId") FROM stdin;
6e099ece-bc3a-4b68-91cf-055780344420	975ae8d8-da98-47f3-b1f5-949f26818de8	RECEIVED	2d23320c-c874-43d4-946b-ebc57cddd4d7	\N	2025-10-07 17:34:25.561		3	\N	\N	\N	gdansk
073888c2-0ca3-40ff-866f-4be07844c86a	a8620471-43c4-4ff9-b7f2-be5e800f03e0	RECEIVED	2d23320c-c874-43d4-946b-ebc57cddd4d7	\N	2025-10-07 17:34:25.569		7	\N	\N	\N	gdansk
cc504982-1514-4efc-b55a-4e660f08f40c	54a8e737-f9f8-4567-ba42-cced4223d176	RECEIVED	2d23320c-c874-43d4-946b-ebc57cddd4d7	\N	2025-10-07 17:34:25.576		1	\N	\N	\N	gdansk
bdacc482-081f-4356-9b4d-bc8cbb52efb2	3f7e8228-4b41-4bd7-aab9-ca98c778055f	RECEIVED	2d23320c-c874-43d4-946b-ebc57cddd4d7	\N	2025-10-07 17:34:25.582		12	\N	\N	\N	gdansk
c6e6d029-9c44-4211-acbf-ced944e45c5e	149c5c69-155a-414f-9f6c-86ba41e8fd6e	RECEIVED	2d23320c-c874-43d4-946b-ebc57cddd4d7	\N	2025-10-07 17:34:25.588		12	\N	\N	\N	gdansk
a2cb3006-7004-4cae-8c8d-d0045f0852ff	f0efc369-8b19-4f09-a674-0f8d9215dcc7	RECEIVED	2d23320c-c874-43d4-946b-ebc57cddd4d7	\N	2025-10-07 17:34:25.593		5	\N	\N	\N	gdansk
5a8ec7da-8607-40ea-b2df-5389279ec1d8	9a2dd338-0ea6-44fe-83e2-9f67365cef61	RECEIVED	2d23320c-c874-43d4-946b-ebc57cddd4d7	\N	2025-10-07 17:34:25.6		6	\N	\N	\N	gdansk
a1cc9dc6-cbf0-4c2f-98ca-968232785b37	4b6f8d0a-0341-40ef-b084-c215d5f94cf9	RECEIVED	2d23320c-c874-43d4-946b-ebc57cddd4d7	\N	2025-10-07 17:34:25.605		1	\N	\N	\N	gdansk
5d5f3c3d-4663-4244-99c5-24cd521d68b7	9acbe656-c333-4a2c-8f50-bad1e1feea4b	RECEIVED	2d23320c-c874-43d4-946b-ebc57cddd4d7	\N	2025-10-07 17:34:25.61		10	\N	\N	\N	gdansk
d0f58490-3579-4fd6-9c2a-ad36cd8a7b40	a854b6d1-6da3-40b2-a8bf-a75706ce0019	RECEIVED	2d23320c-c874-43d4-946b-ebc57cddd4d7	\N	2025-10-07 17:34:25.615		54	\N	\N	\N	gdansk
55c5cac4-caa3-4e1b-969a-dbabdcc641d1	285674ad-029f-45b3-b45a-57bf642c2cb2	RECEIVED	2d23320c-c874-43d4-946b-ebc57cddd4d7	\N	2025-10-07 17:34:25.621		30	\N	\N	\N	gdansk
4ddf6167-4269-4331-93c0-6896ac399e0a	92b4d4ca-be6a-4493-b753-2b5c72171bd4	RECEIVED	2d23320c-c874-43d4-946b-ebc57cddd4d7	\N	2025-10-07 17:34:25.626		2	\N	\N	\N	gdansk
c098897d-ceed-4c78-924b-960df0e733ea	bfb539e7-3bec-404a-8ad7-60555d42c19b	RECEIVED	2d23320c-c874-43d4-946b-ebc57cddd4d7	\N	2025-10-07 17:49:10.83		48	\N	\N	\N	gdansk
6879e390-f78c-4b72-ab85-79e140f58773	dc2e9f6e-c245-4d88-898c-c39d8f7737cc	RECEIVED	2d23320c-c874-43d4-946b-ebc57cddd4d7	\N	2025-10-07 17:49:10.837		14857	\N	\N	\N	gdansk
2ae40b61-c07f-451c-a285-8f24ef3cfe22	ef374f35-caf1-4373-a801-00b3d3ea9e91	RECEIVED	2d23320c-c874-43d4-946b-ebc57cddd4d7	\N	2025-10-07 17:49:10.844		1830	\N	\N	\N	gdansk
38683c35-e78b-431c-be61-f562ebd72fc6	6d0466a9-1bca-4869-a7cf-920394b40ee0	RECEIVED	2d23320c-c874-43d4-946b-ebc57cddd4d7	\N	2025-10-07 17:49:10.85		305	\N	\N	\N	gdansk
66d321b0-9945-433c-9ea4-6f487a5d1cda	71992d2e-a01c-4f63-bab7-2b8b1675e65f	RECEIVED	2d23320c-c874-43d4-946b-ebc57cddd4d7	\N	2025-10-07 17:49:10.856		55	\N	\N	\N	gdansk
53a6340a-1836-451b-b4b5-59d91bc41a98	60bee1b4-3fa9-4a28-b1a3-ebbb0cd01320	RECEIVED	2d23320c-c874-43d4-946b-ebc57cddd4d7	\N	2025-10-07 17:49:10.862		66	\N	\N	\N	gdansk
d734d1c6-ed8a-442d-93c1-2071cb8d2795	425c22c2-ac9d-448c-afa8-4d77b4f55e46	RECEIVED	2d23320c-c874-43d4-946b-ebc57cddd4d7	\N	2025-10-07 17:49:10.868		601	\N	\N	\N	gdansk
fd753014-7bcf-4fd0-9ea7-fb83739755bd	0c2435aa-d8fe-4c8a-a084-d60a8149f2e7	RECEIVED	2d23320c-c874-43d4-946b-ebc57cddd4d7	\N	2025-10-07 17:49:10.874		3	\N	\N	\N	gdansk
1411c41c-3145-495d-9cd5-3f6a8b1345c1	735a240e-817b-4291-a13a-eab7e5449623	RECEIVED	2d23320c-c874-43d4-946b-ebc57cddd4d7	\N	2025-10-07 17:49:10.88		9	\N	\N	\N	gdansk
4d253edc-e55e-4075-87e1-049d9ec34593	4a105eed-4fb9-40ed-b4ca-28affb0b8004	RECEIVED	2d23320c-c874-43d4-946b-ebc57cddd4d7	\N	2025-10-07 17:49:10.885		48	\N	\N	\N	gdansk
1a64deb6-054e-494a-85ab-bc033904df93	d421af4c-1364-4ebf-9c98-9e2fcceeb148	RECEIVED	2d23320c-c874-43d4-946b-ebc57cddd4d7	\N	2025-10-07 17:49:10.891		6	\N	\N	\N	gdansk
da3a2440-7384-40ba-92d2-2431a8eef04b	6eeaa5f6-d360-43ce-8052-52573f075dca	RECEIVED	2d23320c-c874-43d4-946b-ebc57cddd4d7	\N	2025-10-07 17:49:10.896		135	\N	\N	\N	gdansk
39d4e9ad-7fe6-4f85-9a10-3f1a694751c0	a3deca58-d4a1-4081-9229-5b05953bb24c	RECEIVED	2d23320c-c874-43d4-946b-ebc57cddd4d7	\N	2025-10-07 17:49:10.902		14	\N	\N	\N	gdansk
6ce143d2-434d-4f60-bc69-d31525226058	3dcf459e-a62e-4ebd-a85d-44a2e799a196	RECEIVED	2d23320c-c874-43d4-946b-ebc57cddd4d7	\N	2025-10-07 17:49:10.908		11	\N	\N	\N	gdansk
d7cc66e2-2838-4146-ab53-c8b830250376	02a342c4-75bd-441d-8e16-b78e3024d7d6	RECEIVED	2d23320c-c874-43d4-946b-ebc57cddd4d7	\N	2025-10-07 17:49:10.913		12	\N	\N	\N	gdansk
1e8e708c-f414-4ef2-926a-8963f8474395	ab9c4ae0-bf02-4478-b6bc-2c591c019ff3	RECEIVED	2d23320c-c874-43d4-946b-ebc57cddd4d7	\N	2025-10-07 17:49:10.919		13	\N	\N	\N	gdansk
bb786610-7eac-4d59-80b7-c35a15443b8b	5f7c060c-720c-4060-894d-53395c6c7352	RECEIVED	2d23320c-c874-43d4-946b-ebc57cddd4d7	\N	2025-10-07 17:49:10.924		48	\N	\N	\N	gdansk
7504be9a-350a-4a43-b4b7-0afbea5d70fa	d4bfa12e-feb5-427e-ad21-8e6c4d367781	RECEIVED	2d23320c-c874-43d4-946b-ebc57cddd4d7	\N	2025-10-07 17:49:10.93		993	\N	\N	\N	gdansk
b89eb4b8-4bc6-4dd9-8d29-395c521b5aa8	a8c960b9-1eb0-4924-8bf5-7cab2d286c80	RECEIVED	2d23320c-c874-43d4-946b-ebc57cddd4d7	\N	2025-10-07 17:49:10.936		165	\N	\N	\N	gdansk
f00edd7e-a8f1-4467-ab72-40ec0f559a36	e8760855-a1f3-453f-bc7b-cf67543dfa7c	RECEIVED	2d23320c-c874-43d4-946b-ebc57cddd4d7	\N	2025-10-07 17:49:10.942		35	\N	\N	\N	gdansk
9ec171ca-5506-4349-95f3-625a33045dc3	4b4e9254-34f5-412d-a8fd-01563286b2b7	RECEIVED	2d23320c-c874-43d4-946b-ebc57cddd4d7	\N	2025-10-07 17:49:10.947		22	\N	\N	\N	gdansk
b8953df9-6853-4eaa-90ab-31ee77a7b0e4	a03eed27-9bc6-4313-b570-0b1f57c4c069	RECEIVED	2d23320c-c874-43d4-946b-ebc57cddd4d7	\N	2025-10-07 17:49:10.954		16	\N	\N	\N	gdansk
e5ff3109-135e-40e6-bcb4-6f399f8f68dc	a464435f-2ffc-4bd9-a7fa-9045173c8c43	RECEIVED	2d23320c-c874-43d4-946b-ebc57cddd4d7	\N	2025-10-07 17:49:10.959		16	\N	\N	\N	gdansk
3eec425b-3b32-4bf6-b6fd-843cddad53b3	df34b1fc-0a7b-409e-9a94-c1ecd806c3ee	RECEIVED	2d23320c-c874-43d4-946b-ebc57cddd4d7	\N	2025-10-07 17:49:10.965		5	\N	\N	\N	gdansk
8267d47f-1593-497b-8430-8a769283e90b	f10b4555-a152-4b72-bd5c-8e648fefd9eb	RECEIVED	2d23320c-c874-43d4-946b-ebc57cddd4d7	\N	2025-10-07 17:49:10.971		2	\N	\N	\N	gdansk
80e76a10-1178-4248-8172-5d9b61725af8	0badb389-0697-449a-a3f7-dbf81741596b	RECEIVED	2d23320c-c874-43d4-946b-ebc57cddd4d7	\N	2025-10-07 17:49:10.977		13	\N	\N	\N	gdansk
4bf9aab4-b357-49f3-91e3-3d8fd00c6799	f9c709bd-0889-441b-9e04-7fbd0e896d7e	RECEIVED	2d23320c-c874-43d4-946b-ebc57cddd4d7	\N	2025-10-07 17:49:10.982		1	\N	\N	\N	gdansk
88f0cab5-839b-4346-afbb-7fd24267c31b	0df43a44-b913-4671-a832-b1c89e720628	RECEIVED	2d23320c-c874-43d4-946b-ebc57cddd4d7	\N	2025-10-07 17:49:10.988		3	\N	\N	\N	gdansk
01855486-7a2a-4c44-8e8d-49972d18bbfe	f45cb492-bb8e-4a01-91fb-543904025919	RECEIVED	2d23320c-c874-43d4-946b-ebc57cddd4d7	\N	2025-10-07 17:49:10.994		242	\N	\N	\N	gdansk
81c7aa22-6924-4300-98b7-9a98045aecec	6d12ff9f-a0ad-4345-91ca-825aa3d18bc4	RECEIVED	2d23320c-c874-43d4-946b-ebc57cddd4d7	\N	2025-10-07 17:49:11		24	\N	\N	\N	gdansk
6a15ca15-8527-4a83-80ec-9daec0c0270d	81d417b0-c64e-477a-a3d9-88563b4137dd	RECEIVED	2d23320c-c874-43d4-946b-ebc57cddd4d7	\N	2025-10-07 17:49:11.005		10	\N	\N	\N	gdansk
1d4fb804-d895-4f29-b506-709b15e052c4	04cc3408-f26e-4a16-9cd2-7fdcb6f19b45	RECEIVED	2d23320c-c874-43d4-946b-ebc57cddd4d7	\N	2025-10-07 17:49:11.011		48	\N	\N	\N	gdansk
86c13dd2-66d0-4e4a-8260-bb465b24abf7	1baf4b18-4e8b-41ff-afd0-6a5baf960239	RECEIVED	2d23320c-c874-43d4-946b-ebc57cddd4d7	\N	2025-10-07 17:49:11.017		4	\N	\N	\N	gdansk
ad69f6e5-be2d-4b1c-a956-11a036ae3dd7	32941e7a-988d-4493-a520-f68bfa6294ea	RECEIVED	2d23320c-c874-43d4-946b-ebc57cddd4d7	\N	2025-10-07 17:49:11.022		50	\N	\N	\N	gdansk
5da76453-7983-4d08-884e-826102eeaa5d	2043a6fd-9d3a-435e-aad6-6b9e7e9114cc	RECEIVED	2d23320c-c874-43d4-946b-ebc57cddd4d7	\N	2025-10-07 17:49:11.028		25	\N	\N	\N	gdansk
68c61fa4-105b-4ebd-ab1a-a1e2ccbdc30a	b8bdf838-fadb-40d1-affe-407a4096ae54	RECEIVED	2d23320c-c874-43d4-946b-ebc57cddd4d7	\N	2025-10-07 17:49:11.033		1	\N	\N	\N	gdansk
5869c969-36f9-497e-b200-9af7c13d3bb3	37ddfeb9-1702-4c30-b352-0dd7a5a3018e	RECEIVED	2d23320c-c874-43d4-946b-ebc57cddd4d7	\N	2025-10-07 17:49:11.038		10	\N	\N	\N	gdansk
7b809b58-2b08-473b-a0d3-20c3ab89e04c	d16cdb45-cbc0-43b1-b22d-9131a53f6f0a	RECEIVED	2d23320c-c874-43d4-946b-ebc57cddd4d7	\N	2025-10-07 17:49:11.043		10	\N	\N	\N	gdansk
e3c19a0e-609d-4b75-bce5-42385b1140e9	19ba71f6-fec9-4a13-8d8d-e9e0a714cb38	RECEIVED	2d23320c-c874-43d4-946b-ebc57cddd4d7	\N	2025-10-07 17:49:11.049		3	\N	\N	\N	gdansk
6eccc94b-4181-4370-842c-74b692d10143	55926357-add9-498c-a766-c14eac7a7018	RECEIVED	2d23320c-c874-43d4-946b-ebc57cddd4d7	\N	2025-10-07 17:49:11.054		5	\N	\N	\N	gdansk
db1a7b1d-f9fc-48af-9ee6-701cbdfc1814	17fb9f39-f153-41ba-859d-e680e29ebb89	RECEIVED	2d23320c-c874-43d4-946b-ebc57cddd4d7	\N	2025-10-07 17:49:11.06		201	\N	\N	\N	gdansk
f3b1f711-b773-4b1c-b44a-0b7e6cf27dfe	9c785c80-4d7c-4ecf-9483-0ddb4ecfd568	RECEIVED	2d23320c-c874-43d4-946b-ebc57cddd4d7	\N	2025-10-07 17:49:11.065		51	\N	\N	\N	gdansk
bb1b1cb1-4728-4b4d-b194-d6ec68c18fde	72a071a7-1fc4-4d36-82cd-3efc5fccb9cf	RECEIVED	2d23320c-c874-43d4-946b-ebc57cddd4d7	\N	2025-10-07 17:49:11.07		195	\N	\N	\N	gdansk
20e515e7-dd21-4b5b-a3b2-7411cfd24e9b	a4ccd1e5-9f49-4536-a751-6749cd6e2f7f	RECEIVED	2d23320c-c874-43d4-946b-ebc57cddd4d7	\N	2025-10-07 17:49:11.076		3	\N	\N	\N	gdansk
a04ca123-9e02-4df0-aa20-f5d18865ca5c	b6c8641c-a674-445b-b76b-66884e6b3fc5	RECEIVED	2d23320c-c874-43d4-946b-ebc57cddd4d7	\N	2025-10-07 17:55:36.93		3	\N	\N	\N	gdansk
2025af0c-497f-4fc6-8cfc-579116f1a8e1	40181763-ac19-4a1d-9b99-8eadd123ae73	RECEIVED	2d23320c-c874-43d4-946b-ebc57cddd4d7	\N	2025-10-07 17:55:36.94		1	\N	\N	\N	gdansk
c1412cc2-7767-404f-9d70-4cfc0cc7d837	9650a8ad-1dca-41de-bf79-1db79fac46e7	RECEIVED	2d23320c-c874-43d4-946b-ebc57cddd4d7	\N	2025-10-07 17:55:36.947		5	\N	\N	\N	gdansk
3d8d4a8e-9acc-424f-a476-f54683bc2b54	7cbeca6a-0a36-4477-a6b5-a2e802a974dd	RECEIVED	2d23320c-c874-43d4-946b-ebc57cddd4d7	\N	2025-10-07 17:55:36.956		17	\N	\N	\N	gdansk
558cf5e7-a02a-47ab-a385-18930d3cfe48	77bbc6a8-ccb6-43d5-b157-6afd914b7724	RECEIVED	2d23320c-c874-43d4-946b-ebc57cddd4d7	\N	2025-10-07 17:55:36.962		5	\N	\N	\N	gdansk
eb009e99-9217-4c3f-982c-ba153acc1ca3	4d75a395-37c3-4d00-82cb-f71efde10069	RECEIVED	2d23320c-c874-43d4-946b-ebc57cddd4d7	\N	2025-10-07 17:55:36.967		4	\N	\N	\N	gdansk
aeab7b34-c207-4df8-a085-9054da6eeb30	a1769529-a562-4327-8fbb-4c9a68c618d7	RECEIVED	2d23320c-c874-43d4-946b-ebc57cddd4d7	\N	2025-10-07 17:55:36.973		5	\N	\N	\N	gdansk
4ba32c05-f69a-402c-bb30-005f0207d22a	0a9a61d9-a516-447f-8f0f-14215b514121	RECEIVED	2d23320c-c874-43d4-946b-ebc57cddd4d7	\N	2025-10-07 17:55:36.978		4	\N	\N	\N	gdansk
78e6bb53-5474-4d12-b490-9cf2bfa8a731	448a2bac-2653-4c11-8512-b2ab4b1be12e	RECEIVED	2d23320c-c874-43d4-946b-ebc57cddd4d7	\N	2025-10-07 17:55:36.984		5	\N	\N	\N	gdansk
00f79fa2-31ab-4ddc-8571-096ca2f7c288	0663102f-33d1-44b5-bef1-cc292197711f	RECEIVED	2d23320c-c874-43d4-946b-ebc57cddd4d7	\N	2025-10-07 17:55:36.989		3	\N	\N	\N	gdansk
391bfbb1-d86b-4006-b689-6a5f1d8c69c6	8ebb0aef-b6d4-48f0-87e0-eb1777566623	RECEIVED	2d23320c-c874-43d4-946b-ebc57cddd4d7	\N	2025-10-07 17:55:36.995		114	\N	\N	\N	gdansk
e8d66424-04df-469e-a87c-07da1b1f9825	cd54ff76-3800-4a97-9ece-e06b297f2302	RECEIVED	2d23320c-c874-43d4-946b-ebc57cddd4d7	\N	2025-10-07 17:55:37		1	\N	\N	\N	gdansk
5130ae17-4fce-4302-8f87-d217cc564aed	7d945dce-e721-40d9-961e-00d9cd10e7a3	RECEIVED	2d23320c-c874-43d4-946b-ebc57cddd4d7	\N	2025-10-07 17:55:37.005		113	\N	\N	\N	gdansk
6ce1b27a-3db0-44f2-95cb-1c35d15d2117	b0ee326c-9de0-4690-a5f8-9e6d1f31c17f	RECEIVED	2d23320c-c874-43d4-946b-ebc57cddd4d7	\N	2025-10-07 17:55:37.011		1	\N	\N	\N	gdansk
c192a213-e42b-4f34-8c3e-6bd91d630be5	591d9edf-45f6-42ab-aa5f-2406842427d0	RECEIVED	2d23320c-c874-43d4-946b-ebc57cddd4d7	\N	2025-10-07 17:55:37.016		47	\N	\N	\N	gdansk
671a8484-b10b-4480-8940-67969871e9e3	c94f1ce0-112c-4565-b25a-064de10de85a	RECEIVED	2d23320c-c874-43d4-946b-ebc57cddd4d7	\N	2025-10-07 17:55:37.023		51	\N	\N	\N	gdansk
211e66d5-bd0c-4873-9fb4-46b4cb39393d	ae4aa307-717b-4d9e-ba22-4e0edf31475f	RECEIVED	2d23320c-c874-43d4-946b-ebc57cddd4d7	\N	2025-10-07 17:55:37.029		50	\N	\N	\N	gdansk
3ce367d4-1065-4ae1-b3ff-f3ff876aff28	9a30c87f-5a1d-432c-beea-e5757c4b52b6	RECEIVED	2d23320c-c874-43d4-946b-ebc57cddd4d7	\N	2025-10-07 17:55:37.035		42	\N	\N	\N	gdansk
fdd59514-ad45-44dd-bb4a-59a814f3cdf6	1fa2b19f-b9bb-489d-91bf-7e93d5b1a30b	RECEIVED	2d23320c-c874-43d4-946b-ebc57cddd4d7	\N	2025-10-07 18:01:56.087		1	\N	\N	\N	gdansk
3f339a67-02be-4705-939f-164eb8a4a870	ddca5d55-df39-4c2b-886b-9ffb98198bf1	RECEIVED	2d23320c-c874-43d4-946b-ebc57cddd4d7	\N	2025-10-07 18:01:56.095		10	\N	\N	\N	gdansk
5c6d8b16-cee5-4e62-b403-87ec8c62db9d	eff31a1f-886c-4bac-abe5-d68579940ee4	RECEIVED	2d23320c-c874-43d4-946b-ebc57cddd4d7	\N	2025-10-07 18:01:56.101		10	\N	\N	\N	gdansk
f23312db-5ea2-42ce-a367-12e5489736ab	89a46760-42b0-4ae5-b331-750a09dab03d	RECEIVED	2d23320c-c874-43d4-946b-ebc57cddd4d7	\N	2025-10-07 18:01:56.108		3	\N	\N	\N	gdansk
919ad8d2-7885-415a-8d8c-000f8a87e831	c82f27d2-fd66-4a68-ab3c-b7bc5d45ab19	RECEIVED	2d23320c-c874-43d4-946b-ebc57cddd4d7	\N	2025-10-07 18:01:56.114		1	\N	\N	\N	gdansk
c3c216b9-dccd-4f3c-8b3b-c58535c3050d	b63b5ea8-79af-464c-b4f7-2800349a5a53	RECEIVED	2d23320c-c874-43d4-946b-ebc57cddd4d7	\N	2025-10-07 18:01:56.121		293	\N	\N	\N	gdansk
a6f6c66f-02de-488a-a434-8fd57f7ae626	81e799f7-6447-44ba-a2c4-59ee39462874	RECEIVED	2d23320c-c874-43d4-946b-ebc57cddd4d7	\N	2025-10-07 18:01:56.126		98	\N	\N	\N	gdansk
d729779b-2fe8-4bba-88cc-9315005da238	df7ab514-203c-406f-bcc4-290488ed6d17	RECEIVED	2d23320c-c874-43d4-946b-ebc57cddd4d7	\N	2025-10-07 18:01:56.131		61	\N	\N	\N	gdansk
9ca0c980-d988-4ca9-a85e-214510c41e8a	5fa526e5-fb73-4025-aa0c-ab55b433c781	RECEIVED	2d23320c-c874-43d4-946b-ebc57cddd4d7	\N	2025-10-07 18:01:56.136		61	\N	\N	\N	gdansk
f84f1bc4-a66d-42e3-9ae5-e1e412efeff1	9b1eb2c4-9cd1-4e63-87d3-186042038bdd	RECEIVED	2d23320c-c874-43d4-946b-ebc57cddd4d7	\N	2025-10-07 18:01:56.141		45	\N	\N	\N	gdansk
9ff7e57a-f99b-47a7-96a8-569579294c81	f02d5464-6092-4d9a-8250-607d427c6dd0	RECEIVED	2d23320c-c874-43d4-946b-ebc57cddd4d7	\N	2025-10-07 18:01:56.147		91	\N	\N	\N	gdansk
8b168b08-156a-4f27-83f3-650789c6999c	f94ae79c-7993-4675-b757-5ae656f5aad4	RECEIVED	2d23320c-c874-43d4-946b-ebc57cddd4d7	\N	2025-10-07 18:01:56.153		219	\N	\N	\N	gdansk
4bce5de0-f05d-4520-b5fa-d6defc4c7c06	529f67b7-aaf8-427e-85b0-3bf845ca6f16	RECEIVED	2d23320c-c874-43d4-946b-ebc57cddd4d7	\N	2025-10-07 18:01:56.158		159	\N	\N	\N	gdansk
89176faf-e4d0-44ec-b3ec-9f74013338bc	77323607-d183-440e-b8db-df3830234c3b	RECEIVED	2d23320c-c874-43d4-946b-ebc57cddd4d7	\N	2025-10-07 18:01:56.164		167	\N	\N	\N	gdansk
5f898640-a76a-4aaa-9cf1-a29f25ed4fee	2c92a516-5e94-47e2-8e23-5c4ca003110b	RECEIVED	2d23320c-c874-43d4-946b-ebc57cddd4d7	\N	2025-10-07 18:01:56.169		67	\N	\N	\N	gdansk
ef3574ac-b8c8-4350-892b-0a29611108cb	4515d70c-a987-4702-8411-f9e75514fe5d	RECEIVED	2d23320c-c874-43d4-946b-ebc57cddd4d7	\N	2025-10-07 18:01:56.175		10	\N	\N	\N	gdansk
1be72109-7563-4fc8-9fbf-5f07ba2e8334	914cd47d-5cf8-4bc9-bd3d-bada9ffc93a9	RECEIVED	2d23320c-c874-43d4-946b-ebc57cddd4d7	\N	2025-10-07 18:01:56.18		79	\N	\N	\N	gdansk
db85aa4a-23bb-4e58-bd0d-8d6b815fe462	255f2d50-3ce7-4bd0-b280-26cb521984e5	RECEIVED	2d23320c-c874-43d4-946b-ebc57cddd4d7	\N	2025-10-07 18:01:56.187		125	\N	\N	\N	gdansk
0e8d72d3-6efc-4089-8af5-172462994055	8f958f75-e909-4f1a-857c-bb3f65fe62a6	RECEIVED	2d23320c-c874-43d4-946b-ebc57cddd4d7	\N	2025-10-07 18:01:56.193		277	\N	\N	\N	gdansk
16caec84-87d5-4ab7-bdd8-19849645975e	add506c2-2ba3-4e3d-9b49-db99030ec203	RECEIVED	2d23320c-c874-43d4-946b-ebc57cddd4d7	\N	2025-10-07 18:01:56.199		63	\N	\N	\N	gdansk
075d1284-553b-4688-8ce3-38abf8d90d00	dc2e9f6e-c245-4d88-898c-c39d8f7737cc	ISSUED	2d23320c-c874-43d4-946b-ebc57cddd4d7	695e0830-b7e0-4a17-ab6f-8cd5706f979b	2025-10-08 13:24:24.746		10	\N	\N	\N	\N
d2db588b-44a8-4c36-a002-7130fe8b0f49	37b56ae1-72a8-4e95-b506-96c0300c9df6	RECEIVED	2d23320c-c874-43d4-946b-ebc57cddd4d7	\N	2025-10-08 15:40:59.608		19	\N	\N	\N	gdansk
8a3b22c2-0841-4264-830b-451d957ebdd9	72e8f39d-1393-4236-93bd-908e6fa118ea	RECEIVED	2d23320c-c874-43d4-946b-ebc57cddd4d7	\N	2025-10-08 15:40:59.615		35	\N	\N	\N	gdansk
88072df0-8752-4293-8805-d51abda57700	866fd83a-b715-4a2f-a94a-9dfbc792f7c0	RECEIVED	2d23320c-c874-43d4-946b-ebc57cddd4d7	\N	2025-10-08 15:40:59.622		31	\N	\N	\N	gdansk
145dcbed-3d4e-4ecd-802a-19224001d140	9de6a82e-0f25-47fe-944b-a70dff35d950	RECEIVED	2d23320c-c874-43d4-946b-ebc57cddd4d7	\N	2025-10-08 15:40:59.629		17	\N	\N	\N	gdansk
473a184b-52f5-4fde-915c-82f48696601a	b69d7820-311a-4376-8d9c-8c9b1314a8a0	RECEIVED	2d23320c-c874-43d4-946b-ebc57cddd4d7	\N	2025-10-08 15:40:59.635		39	\N	\N	\N	gdansk
90372a8d-3e0c-45d6-8c1a-aca1dba7b32a	99fb713a-7b33-4b4f-afdb-b5a7c4c42daa	RECEIVED	2d23320c-c874-43d4-946b-ebc57cddd4d7	\N	2025-10-08 15:40:59.641		16	\N	\N	\N	gdansk
806cc357-ef95-48ab-bf0a-ef647394b8ac	38a86839-5e57-42dd-9016-cbae5e2166d8	RECEIVED	2d23320c-c874-43d4-946b-ebc57cddd4d7	\N	2025-10-08 15:40:59.647		18	\N	\N	\N	gdansk
1303397a-4d77-4998-8640-d5d1d6ff55eb	823c3391-94cd-42df-87a3-24791b3ffc8c	RECEIVED	2d23320c-c874-43d4-946b-ebc57cddd4d7	\N	2025-10-08 15:40:59.653		4	\N	\N	\N	gdansk
792addc8-74f4-487a-bf50-4df0b3cf3de9	6225bfe6-00a0-4e88-ab89-fb658fd9ae1d	RECEIVED	2d23320c-c874-43d4-946b-ebc57cddd4d7	\N	2025-10-08 15:40:59.659		5	\N	\N	\N	gdansk
65d23af9-3c41-41d6-83af-eb5c9d0cf54c	656a5e13-6bc6-4b8d-9710-4dccc41abb3b	RECEIVED	2d23320c-c874-43d4-946b-ebc57cddd4d7	\N	2025-10-08 15:40:59.665		5	\N	\N	\N	gdansk
c1416214-cc78-48cb-bd41-96d35209e647	5f2bea8b-5288-4ff1-a990-5306571352ed	RECEIVED	2d23320c-c874-43d4-946b-ebc57cddd4d7	\N	2025-10-08 15:40:59.671		5	\N	\N	\N	gdansk
2092a733-e28b-4bc7-9013-fa13d7eb25c0	7422f889-8e60-4a05-b2b2-a85f683c6315	RECEIVED	2d23320c-c874-43d4-946b-ebc57cddd4d7	\N	2025-10-08 15:40:59.676		5	\N	\N	\N	gdansk
53b61eb8-e99c-46a7-aba0-0af09f3eb2e9	e9be7ffb-297b-434e-8ac2-dbad3a1c6d77	RECEIVED	2d23320c-c874-43d4-946b-ebc57cddd4d7	\N	2025-10-08 15:40:59.681		5	\N	\N	\N	gdansk
9342c17c-b365-4b96-a836-db45f7786ffa	cd88dd2a-f849-4bd6-a85a-57e0d8ad86e1	RECEIVED	2d23320c-c874-43d4-946b-ebc57cddd4d7	\N	2025-10-08 15:40:59.687		31	\N	\N	\N	gdansk
e9a772c0-8e38-4f62-b072-bb4a4d5108d5	1d71c44e-b6dc-4280-8544-57b062877e31	RECEIVED	2d23320c-c874-43d4-946b-ebc57cddd4d7	\N	2025-10-08 15:40:59.693		2	\N	\N	\N	gdansk
b31b33b5-1454-49fc-975c-f2ab3a2e1e79	a88f0aac-9099-4d8e-ada9-e59e912f69ae	RECEIVED	2d23320c-c874-43d4-946b-ebc57cddd4d7	\N	2025-10-08 15:40:59.698		7	\N	\N	\N	gdansk
c1549f98-32b1-4eda-8227-b624efbfee93	da811f6e-f834-4825-a89c-1e011b174920	RECEIVED	2d23320c-c874-43d4-946b-ebc57cddd4d7	\N	2025-10-08 15:40:59.703		3	\N	\N	\N	gdansk
910773c2-0f32-479a-8602-4ce47c0ebf6a	a54b2108-f26e-4d33-ab68-466b0722420a	RECEIVED	2d23320c-c874-43d4-946b-ebc57cddd4d7	\N	2025-10-08 15:40:59.708		85	\N	\N	\N	gdansk
67bdd355-06eb-40b2-b858-38b6073bd237	1fe561bc-d431-4aa1-8c7b-ba733023e7b0	RECEIVED	2d23320c-c874-43d4-946b-ebc57cddd4d7	\N	2025-10-08 15:40:59.714		20	\N	\N	\N	gdansk
95c05ec5-3fbb-4cc7-903e-466f3144a660	f3bde472-1519-4e77-9356-c110825f5bbd	RECEIVED	2d23320c-c874-43d4-946b-ebc57cddd4d7	\N	2025-10-08 15:40:59.719		22	\N	\N	\N	gdansk
a03dacc5-6754-49aa-8a38-2a5c32e1bdc4	97187d99-b551-4d66-8f02-31de7764cc4d	RECEIVED	2d23320c-c874-43d4-946b-ebc57cddd4d7	\N	2025-10-08 15:40:59.724		2	\N	\N	\N	gdansk
a2e358db-9cd2-4ccc-9bdb-a0437693c617	5d4ac58a-b965-48b4-b7e6-1d59029e145b	RECEIVED	2d23320c-c874-43d4-946b-ebc57cddd4d7	\N	2025-10-08 15:40:59.73		2	\N	\N	\N	gdansk
c1d871c4-2f0b-432a-8d20-02f1deacc8f5	259c71fa-8b2d-4284-aaa3-10228008c46e	RECEIVED	2d23320c-c874-43d4-946b-ebc57cddd4d7	\N	2025-10-08 15:46:38.536		3	\N	\N	\N	gdansk
a422c907-0623-480d-937e-588764ecc869	573565d0-7b3e-47f0-8143-2481f65e72a7	RECEIVED	2d23320c-c874-43d4-946b-ebc57cddd4d7	\N	2025-10-08 15:46:38.544		8	\N	\N	\N	gdansk
147eace0-68ff-40a4-9aa1-e1e00230e508	8d8ecaee-1575-49ca-966d-0a9043ed159e	RECEIVED	2d23320c-c874-43d4-946b-ebc57cddd4d7	\N	2025-10-08 15:46:38.551		15	\N	\N	\N	gdansk
d8fae5cf-6f67-4953-ad82-66e050978901	350c2291-049d-4160-b07b-e783dfe597ed	RECEIVED	2d23320c-c874-43d4-946b-ebc57cddd4d7	\N	2025-10-08 15:46:38.557		13	\N	\N	\N	gdansk
1c864e00-3060-4569-92dc-9190f95cd4a1	b2344cf0-2bb6-487e-9d55-bc6aa9e3f98f	RECEIVED	2d23320c-c874-43d4-946b-ebc57cddd4d7	\N	2025-10-08 15:46:38.564		2	\N	\N	\N	gdansk
6324e322-fd9a-4af8-831a-f230d98b69f2	6faac0ee-c92c-4afb-9c66-b00e5d166a9e	RECEIVED	2d23320c-c874-43d4-946b-ebc57cddd4d7	\N	2025-10-08 15:46:38.571		56	\N	\N	\N	gdansk
0ea7724d-08ed-4611-977f-0753a276a757	b562adf1-d175-4918-9394-c0d3ab8d9f55	RECEIVED	2d23320c-c874-43d4-946b-ebc57cddd4d7	\N	2025-10-08 15:46:38.577		10	\N	\N	\N	gdansk
673e373c-edae-46d4-b7b9-9020c93d019a	9ebd51f3-e1a6-4442-93fb-167e570dacad	RECEIVED	2d23320c-c874-43d4-946b-ebc57cddd4d7	\N	2025-10-08 15:46:38.583		16	\N	\N	\N	gdansk
ddb3db5b-b59e-4e99-8e75-1044940a94c8	9e7a5446-f907-4a07-a84b-3bd593918132	RECEIVED	2d23320c-c874-43d4-946b-ebc57cddd4d7	\N	2025-10-08 15:46:38.589		6	\N	\N	\N	gdansk
76efa352-84c2-4e83-8c40-7fb2162480c0	61c8d5dc-a34d-4422-99bc-ad583ccf57e5	RECEIVED	2d23320c-c874-43d4-946b-ebc57cddd4d7	\N	2025-10-08 15:46:38.595		11	\N	\N	\N	gdansk
fc49e7b7-0d0a-4ce9-ab7e-321384500d56	0b4aba5f-5fde-4e03-8420-601a1d083fdb	RECEIVED	2d23320c-c874-43d4-946b-ebc57cddd4d7	\N	2025-10-08 15:46:38.601		260	\N	\N	\N	gdansk
1047aa24-61db-4e0b-b777-705141e664d4	7a2a01bb-d84f-4dd6-8e01-5f70a12cd511	RECEIVED	2d23320c-c874-43d4-946b-ebc57cddd4d7	\N	2025-10-08 15:46:38.607		318	\N	\N	\N	gdansk
2996795b-bba8-4566-bb75-e5da25aad069	095e1e89-7979-4d6d-bab5-4f9b48021832	RECEIVED	2d23320c-c874-43d4-946b-ebc57cddd4d7	\N	2025-10-08 16:08:31.576		17	\N	\N	\N	gdansk
2a88b486-472e-4369-b9fe-0102ea591f34	5cae0961-572c-4722-89a8-579e9c08751f	RECEIVED	2d23320c-c874-43d4-946b-ebc57cddd4d7	\N	2025-10-08 16:08:31.583		3	\N	\N	\N	gdansk
4ab721bf-071b-4731-8641-b1626470827b	be86ea13-f3c9-4340-ac4b-ba2f26050000	RECEIVED	2d23320c-c874-43d4-946b-ebc57cddd4d7	\N	2025-10-08 16:08:31.589		2	\N	\N	\N	gdansk
3582f6f2-3e4f-4d1d-8664-7929f11b3da3	229a3a6f-17f1-422a-b470-abe7afd571d4	RECEIVED	2d23320c-c874-43d4-946b-ebc57cddd4d7	\N	2025-10-08 16:08:31.594		52	\N	\N	\N	gdansk
fa37d862-1c82-4346-b968-590c6edbab8b	96c3317f-df95-4cc4-af10-f7b4c28d4b3c	RECEIVED	2d23320c-c874-43d4-946b-ebc57cddd4d7	\N	2025-10-08 16:08:31.599		85	\N	\N	\N	gdansk
9776a34f-276b-4e6c-b09d-e7151c1e8b7d	b3a54ac5-6d32-428c-a313-471a7b37e38c	RECEIVED	2d23320c-c874-43d4-946b-ebc57cddd4d7	\N	2025-10-08 16:08:31.605		30	\N	\N	\N	gdansk
0243a488-36cf-4632-baab-96c8941f31bd	157d0d0e-14c4-4df0-a338-dd59e7524710	RECEIVED	2d23320c-c874-43d4-946b-ebc57cddd4d7	\N	2025-10-08 16:08:31.611		280	\N	\N	\N	gdansk
87659ef7-5b6f-47a8-a793-23e42e75bca0	eb0acda9-9b37-41a1-bb88-511ed886a48d	RECEIVED	2d23320c-c874-43d4-946b-ebc57cddd4d7	\N	2025-10-08 16:08:31.617		16	\N	\N	\N	gdansk
f0befd77-06e2-4497-905a-0a53eab95bfb	3cb3a06a-99a3-42f5-8879-d91b78c77626	RECEIVED	2d23320c-c874-43d4-946b-ebc57cddd4d7	\N	2025-10-08 16:08:31.622		118	\N	\N	\N	gdansk
25e080e4-25a6-49cd-bbe9-07a63f63eefb	aca2c94e-5688-4eaa-a398-315370982a8f	RECEIVED	2d23320c-c874-43d4-946b-ebc57cddd4d7	\N	2025-10-08 16:08:31.627		10	\N	\N	\N	gdansk
e8c5e155-f698-45af-94fb-dd82fcad58a5	42630388-1340-4bde-a4fb-7c0ed238a95e	RECEIVED	2d23320c-c874-43d4-946b-ebc57cddd4d7	\N	2025-10-08 16:08:31.631		18	\N	\N	\N	gdansk
97d266ee-23e2-4fdb-87b3-a9b2c3d47dc2	3fea3095-8766-455d-9456-3e4f855ca704	RECEIVED	2d23320c-c874-43d4-946b-ebc57cddd4d7	\N	2025-10-08 16:08:31.637		50	\N	\N	\N	gdansk
3dbe4e84-0e5d-45bf-8425-8908cb2a8c06	d602b351-e265-40a4-b32b-6df8f694c6fd	RECEIVED	2d23320c-c874-43d4-946b-ebc57cddd4d7	\N	2025-10-08 16:08:31.641		80	\N	\N	\N	gdansk
93fbaa30-da63-4a4e-bf0e-ed101c61e3a6	e9da194d-6554-47f0-ab8a-6edbca242449	RECEIVED	2d23320c-c874-43d4-946b-ebc57cddd4d7	\N	2025-10-08 16:08:31.646		4588	\N	\N	\N	gdansk
430f7799-8401-40e5-9823-b3e866b8869d	923d061c-8379-4b51-867e-ef4aa952a94d	RECEIVED	2d23320c-c874-43d4-946b-ebc57cddd4d7	\N	2025-10-08 16:08:31.651		1985	\N	\N	\N	gdansk
6a233915-6db8-466b-b865-e52792bef0c1	cbe76918-1478-44f0-b573-5a57b0c1c468	RECEIVED	2d23320c-c874-43d4-946b-ebc57cddd4d7	\N	2025-10-08 16:15:11.527		3104	\N	\N	\N	gdansk
97816889-8ec8-4c98-92da-08cf40f78b52	ecc4fd7c-d7de-4d73-bc20-925d731c180d	RECEIVED	2d23320c-c874-43d4-946b-ebc57cddd4d7	\N	2025-10-08 16:15:11.535		3451	\N	\N	\N	gdansk
7748c3bb-90a7-4288-804b-883239f17cb7	8e1c0a36-121c-44f9-af38-b96fc457a222	RECEIVED	2d23320c-c874-43d4-946b-ebc57cddd4d7	\N	2025-10-08 16:15:11.542		45	\N	\N	\N	gdansk
410d0cbe-86d8-4766-bfb7-f75e285ac993	f299135d-75ab-48e9-a2e0-c1114bdad288	RECEIVED	2d23320c-c874-43d4-946b-ebc57cddd4d7	\N	2025-10-08 16:15:11.547		3	\N	\N	\N	gdansk
6b471837-90bd-4669-b1c5-7f7e2b43728b	c5173b46-1466-4288-bfe1-8776d517971c	RECEIVED	2d23320c-c874-43d4-946b-ebc57cddd4d7	\N	2025-10-08 16:15:11.553		23	\N	\N	\N	gdansk
eab724a7-0eb0-45f5-bc47-2a061dc5e2b1	a50136a2-98d6-4bd6-9a7f-e01951574187	RECEIVED	2d23320c-c874-43d4-946b-ebc57cddd4d7	\N	2025-10-08 16:15:11.559		38	\N	\N	\N	gdansk
63223678-09d7-4732-acf4-e07438c8de25	2686b4c1-e823-4bf7-b1ab-d49128108cc3	RECEIVED	2d23320c-c874-43d4-946b-ebc57cddd4d7	\N	2025-10-08 16:15:11.564		34	\N	\N	\N	gdansk
ec98d22f-01df-4f25-925d-fd0b4ce629d7	ccdcdb78-f778-4439-8996-38a7fd4ac8e2	RECEIVED	2d23320c-c874-43d4-946b-ebc57cddd4d7	\N	2025-10-08 16:15:11.569		357	\N	\N	\N	gdansk
315b8e36-2acd-4c6a-8a91-8393ae16d732	25829be9-25cb-43d9-bdd2-cca8bf4b07d4	RECEIVED	2d23320c-c874-43d4-946b-ebc57cddd4d7	\N	2025-10-08 16:15:11.575		1094	\N	\N	\N	gdansk
2fca765e-3722-4dcb-8fdd-26fe3597b369	1a3c195b-74e5-44a7-9556-e2b0a3c1ce43	RECEIVED	2d23320c-c874-43d4-946b-ebc57cddd4d7	\N	2025-10-08 16:15:11.58		242	\N	\N	\N	gdansk
3f4c37fe-0903-4790-9956-5cf1f6696035	29d268ec-2388-4eeb-bc85-86cb82da083b	RECEIVED	2d23320c-c874-43d4-946b-ebc57cddd4d7	\N	2025-10-08 16:15:11.585		5	\N	\N	\N	gdansk
\.


--
-- PostgreSQL database dump complete
--

\unrestrict yo1zmhXDdI80ruZQLwhowKhC8M6pOOGUYvUUISbr2zjz1inemvDNwy61fPvHIzB

